[{"model": "epia.company", "pk": 1, "fields": {"name": "\uacf5\ud1b5"}}, {"model": "epia.company", "pk": 2, "fields": {"name": "SKT"}}, {"model": "epia.company", "pk": 3, "fields": {"name": "SK\ud558\uc774\ub2c9\uc2a4"}}, {"model": "epia.company", "pk": 4, "fields": {"name": "\ub9c8\uc774\ub2e4\uc2a4IT"}}, {"model": "epia.company", "pk": 5, "fields": {"name": "\uce74\uce74\uc624"}}, {"model": "epia.company", "pk": 6, "fields": {"name": "\ub77c\uc778\ud50c\ub7ec\uc2a4"}}, {"model": "epia.company", "pk": 7, "fields": {"name": "LG"}}, {"model": "epia.company", "pk": 8, "fields": {"name": "\uc0bc\uc131\uc804\uc790"}}, {"model": "epia.company", "pk": 9, "fields": {"name": "\uc0bc\uc131SDS"}}, {"model": "epia.position", "pk": 1, "fields": {"company": 1, "name": "\uacf5\ud1b5"}}, {"model": "epia.position", "pk": 2, "fields": {"company": 2, "name": "ICT\uc720/\ubb34\uc120\uc778\ud504\ub77c"}}, {"model": "epia.position", "pk": 3, "fields": {"company": 2, "name": "ICT Service Planing"}}, {"model": "epia.position", "pk": 4, "fields": {"company": 2, "name": "Developer"}}, {"model": "epia.position", "pk": 5, "fields": {"company": 3, "name": "\uc18c\uc790/\uc124\uacc4/\uc591\uc0b0/\uae30\uc220"}}, {"model": "epia.position", "pk": 6, "fields": {"company": 3, "name": "\uc81c\ud488\u00b7\uc11c\ube44\uc2a4\uc601\uc5c5"}}, {"model": "epia.position", "pk": 7, "fields": {"company": 3, "name": "\uc7ac\ubb34\u00b7\ub9c8\ucf00\ud305\u00b7\uae30\ud68d"}}, {"model": "epia.position", "pk": 8, "fields": {"company": 3, "name": "IT"}}, {"model": "epia.position", "pk": 9, "fields": {"company": 4, "name": "IT/\uc778\ud130\ub137"}}, {"model": "epia.position", "pk": 10, "fields": {"company": 5, "name": "\ube45\ub370\uc774\ud130\u00b7AI(\uc778\uacf5\uc9c0\ub2a5)"}}, {"model": "epia.position", "pk": 11, "fields": {"company": 5, "name": "\uace0\uac1d\uc0c1\ub2f4\u00b7\uc778\ubc14\uc6b4\ub4dc"}}, {"model": "epia.position", "pk": 12, "fields": {"company": 5, "name": "\uae30\ud68d\u00b7\uc804\ub7b5\u00b7\uacbd\uc601"}}, {"model": "epia.position", "pk": 13, "fields": {"company": 5, "name": "\uc778\uc0ac\u00b7\ub178\ubb34\u00b7\uad50\uc721"}}, {"model": "epia.position", "pk": 14, "fields": {"company": 5, "name": "\ub9ac\uc11c\uce58\u00b7\ud1b5\uacc4\u00b7\uc124\ubb38"}}, {"model": "epia.position", "pk": 15, "fields": {"company": 5, "name": "IT/\uc778\ud130\ub137"}}, {"model": "epia.position", "pk": 16, "fields": {"company": 5, "name": "\ub514\uc790\uc778"}}, {"model": "epia.position", "pk": 17, "fields": {"company": 6, "name": "\uae30\ud68d\u00b7\uc804\ub7b5\u00b7\uacbd\uc601"}}, {"model": "epia.position", "pk": 18, "fields": {"company": 6, "name": "\uc778\uc0ac\u00b7\ub178\ubb34\u00b7\uad50\uc721"}}, {"model": "epia.position", "pk": 19, "fields": {"company": 6, "name": "\uae30\ud68d"}}, {"model": "epia.position", "pk": 20, "fields": {"company": 6, "name": "\uac1c\ubc1c"}}, {"model": "epia.position", "pk": 21, "fields": {"company": 7, "name": "R&D(\uc5f0\uad6c\uac1c\ubc1c)"}}, {"model": "epia.position", "pk": 22, "fields": {"company": 7, "name": "\ud574\uc678\uc601\uc5c5"}}, {"model": "epia.position", "pk": 23, "fields": {"company": 7, "name": "\uae30\uacc4\u00b7\uae30\uad6c\uc124\uacc4"}}, {"model": "epia.position", "pk": 24, "fields": {"company": 7, "name": "\uc0dd\uc0b0/\uc81c\uc870"}}, {"model": "epia.position", "pk": 25, "fields": {"company": 7, "name": "IT/\uc778\ud130\ub137"}}, {"model": "epia.position", "pk": 26, "fields": {"company": 7, "name": "\uc601\uc5c5/\uace0\uac1d\uc0c1\ub2f4"}}, {"model": "epia.position", "pk": 27, "fields": {"company": 7, "name": "\ub514\uc790\uc778"}}, {"model": "epia.position", "pk": 28, "fields": {"company": 7, "name": "\uae30\ud68d\u00b7\uc804\ub7b5\u00b7\uacbd\uc601"}}, {"model": "epia.position", "pk": 29, "fields": {"company": 7, "name": "\uc804\uae30\u00b7\uc804\uc790\u00b7\uc81c\uc5b4"}}, {"model": "epia.position", "pk": 30, "fields": {"company": 7, "name": "\uc790\ub3d9\ucc28\u00b7\uc870\uc120\u00b7\uae30\uacc4"}}, {"model": "epia.position", "pk": 31, "fields": {"company": 7, "name": "\ubc18\ub3c4\uccb4\u00b7\ub514\uc2a4\ud50c\ub808\uc774"}}, {"model": "epia.position", "pk": 32, "fields": {"company": 7, "name": "\uc7ac\ubb34\u00b7\uc138\ubb34\u00b7IR"}}, {"model": "epia.position", "pk": 33, "fields": {"company": 7, "name": "\uc81c\ud488\u00b7\uc11c\ube44\uc2a4\uc601\uc5c5"}}, {"model": "epia.position", "pk": 34, "fields": {"company": 7, "name": "\uc751\uc6a9\ud504\ub85c\uadf8\ub798\uba38"}}, {"model": "epia.position", "pk": 35, "fields": {"company": 8, "name": "\ubc18\ub3c4\uccb4\u00b7\ub514\uc2a4\ud50c\ub808\uc774"}}, {"model": "epia.position", "pk": 36, "fields": {"company": 8, "name": "\uc0dd\uc0b0\uad00\ub9ac\u00b7\uacf5\uc815\uad00\ub9ac\u00b7\ud488\uc9c8\uad00\ub9ac"}}, {"model": "epia.position", "pk": 37, "fields": {"company": 8, "name": "\uae30\uacc4\uc124\uacc4\u00b7CAD\u00b7CAM"}}, {"model": "epia.position", "pk": 38, "fields": {"company": 8, "name": "\ub9c8\ucf00\ud305\u00b7\uad11\uace0\u00b7\ubd84\uc11d"}}, {"model": "epia.position", "pk": 39, "fields": {"company": 8, "name": "\uc0dd\uc0b0\u00b7\uc81c\uc870\u00b7\uc124\ube44\u00b7\uc870\ub9bd"}}, {"model": "epia.position", "pk": 40, "fields": {"company": 8, "name": "\uc804\uae30\u00b7\uc804\uc790\u00b7\uc81c\uc5b4"}}, {"model": "epia.position", "pk": 41, "fields": {"company": 8, "name": "\uc81c\ud488\u00b7\uc11c\ube44\uc2a4\uc601\uc5c5"}}, {"model": "epia.position", "pk": 42, "fields": {"company": 8, "name": "\uc18c\ud504\ud2b8\uc6e8\uc5b4"}}, {"model": "epia.position", "pk": 43, "fields": {"company": 9, "name": "IT/\uc778\ud130\ub137"}}, {"model": "epia.position", "pk": 44, "fields": {"company": 9, "name": "\uc6f9\ud504\ub85c\uadf8\ub798\uba38"}}, {"model": "epia.position", "pk": 45, "fields": {"company": 9, "name": "\uc11c\ube44\uc2a4"}}, {"model": "epia.position", "pk": 46, "fields": {"company": 9, "name": "\ucee8\uc124\ud305"}}, {"model": "epia.question", "pk": 1, "fields": {"company": 1, "position": 1, "content": "1\ubd84\uc548\uc5d0 \uc790\uae30\uc18c\uac1c\ub97c \ud574\uc8fc\uc138\uc694."}}, {"model": "epia.question", "pk": 2, "fields": {"company": 1, "position": 1, "content": "\ubcf8\uc778\uc758 \uc7a5\ub2e8\uc810\uc744 \ub9d0\ud574\ubcf4\uc138\uc694."}}, {"model": "epia.question", "pk": 3, "fields": {"company": 1, "position": 1, "content": "\uc6b0\ub9ac \ud68c\uc0ac\uc5d0 \uc9c0\uc6d0\ud55c \uc774\uc720\ub294 \ubb34\uc5c7\uc785\ub2c8\uae4c?"}}, {"model": "epia.question", "pk": 4, "fields": {"company": 1, "position": 1, "content": "\uc785\uc0ac \ud6c4 1\uc8fc\uc77c\uc744 \uc5b4\ub5bb\uac8c \ubcf4\ub0b4\uc2e4 \uac74\uac00\uc694?"}}, {"model": "epia.question", "pk": 5, "fields": {"company": 1, "position": 1, "content": "\uc6b0\ub9ac\uac00 \ub2f9\uc2e0\uc744 \ubf51\uc544\uc57c \ud558\ub294 \uc774\uc720\ub294 \ubb34\uc5c7\uc785\ub2c8\uae4c?"}}, {"model": "epia.question", "pk": 6, "fields": {"company": 1, "position": 1, "content": "\ucd5c\uadfc \uc77d\uc5c8\ub358 \ucc45 \uc911 \uac00\uc7a5 \uae30\uc5b5\uc5d0 \ub0a8\ub294 \uac83\uc740?"}}, {"model": "epia.question", "pk": 7, "fields": {"company": 1, "position": 1, "content": "\uc778\uc0dd\uc5d0\uc11c \uac00\uc7a5 \ub3c4\uc804\uc801\uc774\uc5c8\ub358 \uacbd\ud5d8\uc740 \ubb34\uc5c7\uc785\ub2c8\uae4c?"}}, {"model": "epia.question", "pk": 8, "fields": {"company": 1, "position": 1, "content": "\ud68c\uc0ac\ub97c \uc120\ud0dd\ud560 \ub54c \uc911\uc694\uc2dc \ud558\ub294 \uac83\uc740?"}}, {"model": "epia.question", "pk": 9, "fields": {"company": 1, "position": 1, "content": "\ub0a8\uc774\ud3c9\uac00\ud558\ub294 \uc790\uc2e0\uc740 \uc5b4\ub5a0\ud558\uace0, \uc790\uc2e0\uc774 \ud3c9\uac00\ud558\ub294 \uc790\uc2e0\uc740 \uc5b4\ub5a0\ud55c\uc9c0?"}}, {"model": "epia.question", "pk": 10, "fields": {"company": 1, "position": 1, "content": "\uac00\uc7a5 \ud589\ubcf5\ud588\ub358 \uc21c\uac04\uacfc \ud798\ub4e4\uc5c8\ub358 \uc21c\uac04\uc740 \uc5b8\uc81c\uc778\uac00?"}}, {"model": "epia.question", "pk": 11, "fields": {"company": 1, "position": 1, "content": "\uc790\uae30\uc18c\uac1c\ub97c \uc601\uc5b4\ub85c \ud574\ubcf4\uc138\uc694."}}, {"model": "epia.question", "pk": 12, "fields": {"company": 1, "position": 1, "content": "\ub9c8\uc9c0\ub9c9\uc73c\ub85c \ud560 \ub9d0\uc774\ub098 \uad81\uae08\ud55c \uc0ac\ud56d \uc788\uc73c\uc2e0\uac00\uc694?"}}, {"model": "epia.question", "pk": 13, "fields": {"company": 1, "position": 1, "content": "\uc785\uc0ac \ud6c4 \ud3ec\ubd80\ub97c \ub9d0\ud574\ubcf4\uc138\uc694"}}, {"model": "epia.question", "pk": 14, "fields": {"company": 1, "position": 1, "content": "\uc2a4\ud2b8\ub808\uc2a4 \ud574\uc18c\ubc95\uc5d0 \ub300\ud574 \ub9d0\ud574\ubcf4\uc2dc\uc624."}}, {"model": "epia.question", "pk": 15, "fields": {"company": 1, "position": 1, "content": "\ud559\uc810\uc774 \ub0ae\uc740\ub370 \uadf8 \uc774\uc720\ub294 \ubb34\uc5c7\uc785\ub2c8\uae4c."}}, {"model": "epia.question", "pk": 16, "fields": {"company": 1, "position": 1, "content": "\uc9c0\uc6d0\uc790\ub294 \uc5b4\ub5a4 \uc0ac\ub78c\uc778\uac00?"}}, {"model": "epia.question", "pk": 17, "fields": {"company": 1, "position": 1, "content": "\uc8fc\ub7c9\uc740 \uc5b4\ub290 \uc815\ub3c4\uc778\uac00?"}}, {"model": "epia.question", "pk": 18, "fields": {"company": 1, "position": 1, "content": "\uc9c0\uc6d0\ubd84\uc57c\uc5d0\uc11c \ubcf8\uc778\uc758 \uac15\uc810\uc740 \ubb34\uc5c7\uc785\ub2c8\uae4c."}}, {"model": "epia.question", "pk": 19, "fields": {"company": 1, "position": 1, "content": "\uc9c4\ud589\ud588\ub358 \ud504\ub85c\uc81d\ud2b8\uc5d0 \ub300\ud574\uc11c \uc124\uba85\ud574\ubcf4\uc544\ub77c."}}, {"model": "epia.question", "pk": 20, "fields": {"company": 1, "position": 1, "content": "\uc774\ubc88 \uc778\ud134 \uacbd\ud5d8\uc744 \ud1b5\ud574\uc11c \uc5bb\uace0 \uc2f6\uc740 \uac00\uce58\ub294 \ubb34\uc5c7\uc778\uac00\uc694?"}}, {"model": "epia.question", "pk": 21, "fields": {"company": 1, "position": 1, "content": "\ubcf8\uc778\uc744 \ubf51\uc544\uc57c \ud558\ub294 \uc774\uc720\ub97c \ub9d0\ud574\ubcf4\uc138\uc694"}}, {"model": "epia.question", "pk": 22, "fields": {"company": 1, "position": 1, "content": "\ubcf8\uc778\uc758 \ubcc4\uba85\uacfc \uadf8 \ubcc4\uba85\uc744 \uc5bb\uc740 \uc774\uc720"}}, {"model": "epia.question", "pk": 23, "fields": {"company": 1, "position": 1, "content": "\uc785\uc0ac \ud6c4 \uc5b4\ub5a4 \uc77c\uc744 \ud558\uac8c \ub420 \uac83 \uac19\uace0 \uc5b4\ub5a4 \uc77c\uc744 \ud558\uace0 \uc2f6\uc740\uac00"}}, {"model": "epia.question", "pk": 24, "fields": {"company": 1, "position": 1, "content": "\ucde8\uc5c5\uc5d0 \uc2e4\ud328\ud558\uac8c \ub418\uba74 \uc5b4\ub5bb\uac8c \ud560 \uac83\uc778\uac00"}}, {"model": "epia.question", "pk": 25, "fields": {"company": 1, "position": 1, "content": "\ub2e4\ud23c\uc774 \ubc1c\uc0dd\ud588\uc744 \ub54c \uc774\ub97c \ud574\uacb0\ud558\ub294 \ub2f9\uc2e0\ub9cc\uc758 \ubc29\ubc95\uc774 \uc788\ub098\uc694? \uadf8\uac83\uc744 \ud55c\ub9c8\ub514\ub85c \ud45c\ud604\ud55c\ub2e4\uba74?"}}, {"model": "epia.question", "pk": 26, "fields": {"company": 1, "position": 1, "content": "\ub2f9\uc2e0\uc758 \uc804\uacf5\uc774 \ubb34\uc5c7\uc778\uc9c0 \ud55c \ub9c8\ub514\ub85c \ud45c\ud604\ud560 \uc218 \uc788\ub098\uc694?"}}, {"model": "epia.question", "pk": 27, "fields": {"company": 1, "position": 1, "content": "\uc9c0\uae08\uae4c\uc9c0 \uc0b4\uc544\uc624\uba74\uc11c \uac00\uc7a5 \ud798\ub4e4\uc5c8\ub358 \uc77c\uc740 \ubb34\uc5c7\uc778\uac00\uc694?"}}, {"model": "epia.question", "pk": 28, "fields": {"company": 1, "position": 1, "content": "\ub2f9\uc2e0\uc740 \uae0d\uc815\uc801\uc778 \uc0ac\uace0\ubc29\uc2dd\uc744 \uac16\uace0 \uacc4\uc2e0\uac00\uc694?"}}, {"model": "epia.question", "pk": 29, "fields": {"company": 1, "position": 1, "content": "\uac00\uc7a5 \uc790\uc2e0\uc788\ub294 \ud504\ub85c\uc81d\ud2b8\ub294 \ubb34\uc5c7\uc778\uac00\uc694?"}}, {"model": "epia.question", "pk": 30, "fields": {"company": 1, "position": 1, "content": "\ud559\ucc3d\uc2dc\uc808 \ub300\uc678\ud65c\ub3d9 \uacbd\ud5d8\uc774 \uc9c1\ubb34\uc5d0 \uc5b4\ub5bb\uac8c \ub3c4\uc6c0\uc774 \ub420\uae4c\uc694?"}}, {"model": "epia.question", "pk": 31, "fields": {"company": 1, "position": 1, "content": "\ub2f9\uc2e0\uc740 \uad00\uc2b5\uc744 \ub530\ub974\ub294 \ud3b8\uc778\uac00\uc694? \uc544\ub2c8\uba74 \uc0c8\ub85c\uc6b4 \uac83\uc744 \ucd94\uad6c\ud558\ub294 \ucabd\uc778\uac00\uc694?"}}, {"model": "epia.question", "pk": 32, "fields": {"company": 1, "position": 1, "content": "\ub2e4\ub978 \uc0ac\ub78c\ub4e4\uc740 \ub2f9\uc2e0\uc744 \uc5b4\ub5a4 \uc0ac\ub78c\uc774\ub77c\uace0 \uc0dd\uac01\ud558\ub098\uc694?"}}, {"model": "epia.question", "pk": 33, "fields": {"company": 1, "position": 1, "content": "\ud654\uc7a5\uc2e4\uc5d0 \ud734\uc9c0\uac00 \uc5c6\ub2e4\uba74 \uc5b4\ub5bb\uac8c \ud589\ub3d9\ud558\uaca0\uc2b5\ub2c8\uae4c?"}}, {"model": "epia.question", "pk": 34, "fields": {"company": 1, "position": 1, "content": "\ud765\ubd80\uc640 \ub180\ubd80\uac00 \uc788\ub2e4\uace0 \uac00\uc815\ud560 \ub54c, \ub2f9\uc2e0\uc774\ub77c\uba74 \ub204\uad6c\ub97c \ubf51\uaca0\ub098\uc694?"}}, {"model": "epia.question", "pk": 35, "fields": {"company": 1, "position": 1, "content": "\uc606 \uc0ac\ub78c\uc774 \ud568\uaed8 \ub4f1\uc815\uc744 \uac04 \uce5c\uad6c\ub77c\uace0 \uac00\uc815\ud558\uc790. \ubcbc\ub791\uc5d0 \uc138 \uba85\uc758 \ub85c\ud504\uac00 \uc5ee\uc5ec\uc11c \uc14b \uc911 \ud55c \uba85\uc744 \ub04a\uc73c\uba74 \ub098\uba38\uc9c0 \ub458\uc774 \uc0b4\uace0, \uc544\ub2c8\uba74 \uc14b \ub2e4 \uc8fd\uc5b4\uc57c \ud558\ub294 \uc0c1\ud669\uc774 \ub418\uc5c8\uc744 \ub54c \uc5b4\ub5bb\uac8c \ub300\ucc98\ud560 \uac83\uc778\uac00?"}}, {"model": "epia.question", "pk": 36, "fields": {"company": 1, "position": 1, "content": "\ubcf8\uc778\uc758 \uac08\ub4f1\uc774\ub098 \uc88c\uc808\ud55c \uacbd\ud5d8\uc5d0 \ub300\ud574 \ub9d0\ud574\uc8fc\uc138\uc694"}}, {"model": "epia.question", "pk": 37, "fields": {"company": 1, "position": 1, "content": "\uc6b0\ub9ac \ud68c\uc0ac\uc758 \uc774\ubbf8\uc9c0\uc5d0 \ub300\ud574 \uc774\uc57c\uae30 \ud574\uc8fc\uc138\uc694"}}, {"model": "epia.question", "pk": 38, "fields": {"company": 1, "position": 1, "content": "\uc9c1\ubb34\uac00 \ubc14\ub00c\uc5b4\ub3c4 \uad1c\ucc2e\uc2b5\ub2c8\uae4c?"}}, {"model": "epia.question", "pk": 39, "fields": {"company": 1, "position": 1, "content": "\uc778\uc0dd\uc758 \ubaa9\ud45c\ub294 \ubb34\uc5c7\uc785\ub2c8\uae4c?"}}, {"model": "epia.question", "pk": 40, "fields": {"company": 1, "position": 1, "content": "\uc0c1\uc0ac\uc758 \ub9d0\uc774 \ud655\uc2e4\ud788 \ud2c0\ub838\uc744 \ub54c\ub294 \uc5b4\ub5bb\uac8c \ud560 \uac83\uc778\uac00?"}}, {"model": "epia.question", "pk": 41, "fields": {"company": 1, "position": 1, "content": "\uc9d1\uc548\uc774 \ubb34\ub108\uc9c8 \ub54c \ub3c4\uc640\uc904 \uce5c\uad6c\ub294 \uba87\uba85\uc778\uac00"}}, {"model": "epia.question", "pk": 42, "fields": {"company": 1, "position": 1, "content": "\uc9c0\uae30 \uc2eb\uc5b4\ud558\ub294 \uc131\uaca9\uc778\uac83 \uac19\uc740\ub370 \uacbd\uc7c1\uc5d0\uc11c \uc838\ubcf8\uc801\uc774 \uc788\ub294\uc9c0 \uadf8 \ub54c \ubc30\uc6b4\uc810\uc774 \uc788\ub2e4\uba74?"}}, {"model": "epia.question", "pk": 43, "fields": {"company": 2, "position": 2, "content": "\uc0b4\uba74\uc11c \ucc3d\uc758\uc801\uc778 \uc544\uc774\ub514\uc5b4\ub85c \ubb38\uc81c\ub97c \ud574\uacb0\ud55c\uc801\uc774 \uc788\uc2b5\ub2c8\uae4c?"}}, {"model": "epia.question", "pk": 44, "fields": {"company": 2, "position": 2, "content": "\uacbd\ud5d8\ud574\ubcf8 \ud1b5\uc2e0 \ud504\ub85c\uc81d\ud2b8\uc5d0 \ub300\ud574 \ub9d0\ud574\ubcf4\uc138\uc694"}}, {"model": "epia.question", "pk": 45, "fields": {"company": 2, "position": 2, "content": "OSI 7\uacc4\uce35\uacfc TCP 4/5\uacc4\uce35\uc758 \ucc28\uc774\uc810\uc744 \ub9d0\ud574\ubcf4\uc138\uc694"}}, {"model": "epia.question", "pk": 46, "fields": {"company": 2, "position": 2, "content": "\uadc0\uc0ac\uc640 \ud0c0\uc0ac\uc640\uc758 \ucc28\uc774\uc810\uc744 \ub9d0\ud574\ubcf4\uc138\uc694"}}, {"model": "epia.question", "pk": 47, "fields": {"company": 2, "position": 2, "content": "SKT\uc5d0 \ub4e4\uc5b4\uc640\uc11c \ud558\uace0 \uc2f6\uc740 \uc77c\uc774 \ubb34\uc5c7\uc778\uac00\uc694?"}}, {"model": "epia.question", "pk": 48, "fields": {"company": 2, "position": 3, "content": "\ube14\ub85d\uccb4\uc778\uc758 \ubbf8\ub798\uc5d0 \ub300\ud574\uc11c \uc5b4\ub5bb\uac8c \uc0dd\uac01\ud558\ub098\uc694?"}}, {"model": "epia.question", "pk": 49, "fields": {"company": 2, "position": 3, "content": "\uc9c0\uae08\uae4c\uc9c0 \uc0b4\uc544\uc624\uba74\uc11c \uc870\uc9c1\ud65c\ub3d9\uc744 \ud1b5\ud574 \uc5b4\ub824\uc6c0\uc744 \uacaa\uc740 \uacbd\ud5d8\uc5d0 \ub300\ud574 \ub9d0\ud574\ubcf4\uc544\ub77c."}}, {"model": "epia.question", "pk": 50, "fields": {"company": 2, "position": 3, "content": "\uc9c0\uc6d0\ud55c \uc9c1\ubb34\uc640 \uad00\ub828\ub41c \uacbd\ud5d8\uc744 \ud558\uc2e0 \uacbd\ud5d8\uc774 \uc788\uc73c\uc2e0\uac00\uc694?"}}, {"model": "epia.question", "pk": 51, "fields": {"company": 2, "position": 3, "content": "\uc6b0\ub9ac \ud68c\uc0ac\uc640 \uad00\ub828\ub41c \ucd5c\uadfc \uae30\uc0ac\uc5d0 \ub300\ud574 \uc0dd\uac01\uc744 \ub9d0\ud574\uc8fc\uc138\uc694"}}, {"model": "epia.question", "pk": 52, "fields": {"company": 2, "position": 3, "content": "SKT\uc5d0 \ub4e4\uc5b4\uc640\uc11c \ud558\uace0 \uc2f6\uc740 \uc77c\uc774 \ubb34\uc5c7\uc778\uac00\uc694?"}}, {"model": "epia.question", "pk": 53, "fields": {"company": 2, "position": 4, "content": "Front-End \uac1c\ubc1c\uc2dc \ud638\ud658\uc131 \uccb4\ud06c\ub294 \uc5b4\ub5bb\uac8c \ud558\ub098\uc694?"}}, {"model": "epia.question", "pk": 54, "fields": {"company": 2, "position": 4, "content": "\ud504\ub85c\uc138\uc2a4\uc640 \uc2a4\ub808\ub4dc\uc758 \ucc28\uc774\uc810\uc744 \uc124\uba85\ud574\ubcf4\uc138\uc694."}}, {"model": "epia.question", "pk": 55, "fields": {"company": 2, "position": 4, "content": "HTTP\uc640 \ud504\ub85c\ud1a0\ucf5c\uc5d0 \ub300\ud574 \uc124\uba85\ud558\uc138\uc694."}}, {"model": "epia.question", "pk": 56, "fields": {"company": 2, "position": 4, "content": "TCP\uc640 UDP\uc758 \ucc28\uc774\uc810\uc744 \uc124\uba85\ud574\ubcf4\uc138\uc694."}}, {"model": "epia.question", "pk": 57, "fields": {"company": 2, "position": 4, "content": "\uc790\uae30 \uacc4\ubc1c\uc744 \uc704\ud574 \uc5b4\ub5a4 \ub178\ub825\uc744 \ud574\ubcf4\uc558\uc2b5\ub2c8\uae4c?"}}, {"model": "epia.question", "pk": 58, "fields": {"company": 3, "position": 5, "content": "DRAM\uacfc NAND flesh \ucc28\uc774\ub294?"}}, {"model": "epia.question", "pk": 59, "fields": {"company": 3, "position": 5, "content": "\uc0bc\uc131\uc804\uc790\uc640 \uc6b0\ub9ac \ud68c\uc0ac\uc758 \ucc28\uc774\uc810\uc744 \ub9d0\ud574\ubcf4\uc138\uc694"}}, {"model": "epia.question", "pk": 60, "fields": {"company": 3, "position": 5, "content": "\ubc18\ub3c4\uccb4\uc5d0 \uad00\uc2ec\uc744 \uac16\uac8c\ub41c \uacc4\uae30\uac00 \ubb54\uac00\uc694?"}}, {"model": "epia.question", "pk": 61, "fields": {"company": 3, "position": 5, "content": "\uc81c\uc77c \uc790\uc2e0\uc788\ub294 \uacf5\uc815\uc5d0 \ub300\ud574\uc11c \ub9d0\ud574\ubcf4\uc138\uc694"}}, {"model": "epia.question", "pk": 62, "fields": {"company": 3, "position": 5, "content": "\ubcf8\uc778\uc740 \ud314\ub85c\uc6cc\uc2ed, \ub9ac\ub354\uc2ed \uc911 \uc5b4\ub5a4 \ud0c0\uc785\uc778\uac00\uc694?"}}, {"model": "epia.question", "pk": 63, "fields": {"company": 3, "position": 6, "content": "\ud53c\ud22c\uc528\uc640 \ube44\ud22c\ube44\uc758 \ucc28\uc774\ub294?"}}, {"model": "epia.question", "pk": 64, "fields": {"company": 3, "position": 6, "content": "\uc5b4\ub5a4 \uc9c1\uc7a5 \uc0c1\uc0ac\uac00 \uac00\uc7a5 \ud798\ub4e4\ub2e4\uace0 \uc0dd\uac01\ud558\ub294\uac00?"}}, {"model": "epia.question", "pk": 65, "fields": {"company": 3, "position": 6, "content": "\ud658\uc728 \uc0c1\uc2b9 \ub610\ub294 \ud558\ub77d\uc2dc sk \ud558\uc774\ub2c9\uc2a4\uc5d0 \ubbf8\uce58\ub294 \uc601\ud5a5\uc740 \ubb34\uc5c7\uc778\uac00\uc694"}}, {"model": "epia.question", "pk": 66, "fields": {"company": 3, "position": 6, "content": "\uc601\uc5c5 \uad00\ub9ac\ub97c \uc704\ud55c \ubcf8\uc778\ub9cc\uc758 \ud575\uc2ec \uc5ed\ub7c9\uc740 \ubb34\uc5c7\uc778\uac00\uc694?"}}, {"model": "epia.question", "pk": 67, "fields": {"company": 3, "position": 6, "content": "\uc2e4\uc81c \uc601\uc5c5 \ubc0f \ud310\ub9e4\ub97c \ud574 \ubcf8 \uacbd\ud5d8\uc774 \uc788\ub294\uac00."}}, {"model": "epia.question", "pk": 68, "fields": {"company": 3, "position": 7, "content": "\ub2f9\uc0ac\uac00 \uc7ac\ubb34\uc801\uc73c\ub85c \uc2dc\uae09\ud558\uac8c \ubcf4\uc644\ud574\uc57c \ub420 \uac83\uc774 \ubb34\uc5c7\uc774\ub77c\uace0 \uc0dd\uac01\ud558\ub294\uac00"}}, {"model": "epia.question", "pk": 69, "fields": {"company": 3, "position": 7, "content": "\uc138\ubb34\ud68c\uacc4\uc640 \uc7ac\ubb34\ud68c\uacc4,\uad00\ub9ac\ud68c\uacc4\uc758 \ucc28\uc774\uc810\uc740 \ubb34\uc5c7\uc778\uac00\uc694"}}, {"model": "epia.question", "pk": 70, "fields": {"company": 3, "position": 7, "content": "\ucd5c\uadfc \uc774\uc288 \uc0ac\ud56d \uc911 \uad00\uc2ec\uc788\ub294 \uc774\uc288\uc640 \ubcf8\uc778\uc758 \uacac\ud574\ub294?"}}, {"model": "epia.question", "pk": 71, "fields": {"company": 3, "position": 7, "content": "SK\ud558\uc774\ub2c9\uc2a4\uc5d0\uc11c \uc0dd\uc0b0\ud558\ub294 \uc81c\ud488\uc740 \ubb34\uc5c7\uc778\uc9c0 \uc124\uba85\ud574\ubcf4\uc138\uc694"}}, {"model": "epia.question", "pk": 72, "fields": {"company": 3, "position": 7, "content": "\uc6b0\ub9ac \ud68c\uc0ac\uc5d0 \ub300\ud574\uc11c \uc544\ub294 \uac83\uc744 \ubaa8\ub450 \ub9d0\uc500\ud574 \ubcf4\uc138\uc694"}}, {"model": "epia.question", "pk": 73, "fields": {"company": 3, "position": 7, "content": "\uc131\uacfc \uc9c0\ud5a5\uc801 \ub9ac\ub354\uc640 \uc18c\ud1b5 \uc9c0\ud5a5\uc801 \ub9ac\ub354 \uc911 \uc5b4\ub5a4 \ub9ac\ub354\uac00 \ub354 \uc911\uc694\ud55c\uac00?"}}, {"model": "epia.question", "pk": 74, "fields": {"company": 3, "position": 8, "content": "\uc790\uc2e0\uc774 \uc81c\ucd9c\ud55c \ud3ec\ud2b8\ud3f4\ub9ac\uc624\ub97c \uc124\uba85\ud574 \ubcf4\ub77c"}}, {"model": "epia.question", "pk": 75, "fields": {"company": 3, "position": 8, "content": "\ub9c8\ucf00\ud305 \ubd80\uc11c\uc5d0\uc11c \uacc4\uc18d \ub0b4\uc6a9\uc774 \ubc14\ub00c\uba74 \uc5b4\ub5bb\uac8c \ub300\ucc98\ud560 \uac83\uc778\uac00?"}}, {"model": "epia.question", "pk": 76, "fields": {"company": 3, "position": 8, "content": "\uc6b4\uc601\uccb4\uc81c \ucee4\ub110 \ubd84\uc11d\uc744 \uc218\ud589\ud574 \ubcf8 \uc801\uc774 \uc788\ub098?"}}, {"model": "epia.question", "pk": 77, "fields": {"company": 3, "position": 8, "content": "\ubcf8\uc778\uc774 \uc0ac\uc6a9\ud560 \uc904 \uc544\ub294 \uc5b8\uc5b4\ub4e4\uc758 \ucc28\uc774\uc810\uc740 \ubb34\uc5c7\uc778\uac00?"}}, {"model": "epia.question", "pk": 78, "fields": {"company": 3, "position": 8, "content": "\uc2dc\uac04\uc774 \ucd09\ubc15\ud55c \uc2dc\ud5d8 \uae30\uac04\uc5d0 \uc5b4\ub5bb\uac8c \uc2dc\uac04 \uad00\ub9ac\ub97c \ud588\ub098?"}}, {"model": "epia.question", "pk": 79, "fields": {"company": 4, "position": 9, "content": "\ubb34\uc2a8 \ud504\ub85c\uadf8\ub7a8\uc744 \uac1c\ubc1c\ud558\uace0 \uc2f6\ub098\uc694?"}}, {"model": "epia.question", "pk": 80, "fields": {"company": 4, "position": 9, "content": "C/C++\uc758 \ucc28\uc774\uac00 \ubb34\uc5c7\uc778\uac00\uc694?"}}, {"model": "epia.question", "pk": 81, "fields": {"company": 4, "position": 9, "content": "\uc9c0\uad6c\uc758 \uc9c8\ub7c9\uc744 \ub354\ud558\uae30\ub85c \uad6c\ud558\ub77c"}}, {"model": "epia.question", "pk": 82, "fields": {"company": 4, "position": 9, "content": "\ud3c9\uc18c\uc5d0 \uac80\uc0c9\uc744 \ub9ce\uc774 \ud558\ub098\uc694?"}}, {"model": "epia.question", "pk": 83, "fields": {"company": 4, "position": 9, "content": "\ub2e4\uc74c, \ub124\uc774\ubc84, \uad6c\uae00 \uac80\uc0c9\uc744 \ube44\uad50\ud574\uc11c \uc124\uba85\ud55c\ub2e4\uba74?"}}, {"model": "epia.question", "pk": 84, "fields": {"company": 5, "position": 10, "content": "\uc9c4\ud589\ud588\ub358 \ud504\ub85c\uc81d\ud2b8\uc5d0 \ub300\ud574 \uc18c\uac1c\ud574 \ubcf4\uc138\uc694."}}, {"model": "epia.question", "pk": 85, "fields": {"company": 5, "position": 10, "content": "\ub525\ub7ec\ub2dd \uad00\ub828 \uc9c8\ubb38(relu\uac00 \ubb34\uc5c7\uc778\uac00 \uc65c \uc4f0\ub294\uac00, local minimum\uc774 \ud574\uacb0\ubc29\ubc95)"}}, {"model": "epia.question", "pk": 86, "fields": {"company": 5, "position": 10, "content": "computer science \uc9c8\ubb38(\uc815\ub82c \uc54c\uace0\ub9ac\uc998, \uba40\ud2f0 \uc2a4\ub808\ub4dc \uba40\ud2f0 \ud504\ub85c\uc138\uc2a4 \ucc28\uc774)"}}, {"model": "epia.question", "pk": 87, "fields": {"company": 5, "position": 11, "content": "\uacfc\uac70\uc5d0 \uad6d\ud1a0\ub300\uc7a5\uc815\uc5d0\uc11c\ub294 \uc5b4\ub5a4\uc5ed\ud560\uc744 \ud558\uc600\ub098?"}}, {"model": "epia.question", "pk": 88, "fields": {"company": 5, "position": 11, "content": "\uce74\uce74\uc624\uc758 \uc7a5\ub2e8\uc810\uc740 \ubb50\ub77c\uace0 \uc0dd\uac01\ud558\ub294\uac00?"}}, {"model": "epia.question", "pk": 89, "fields": {"company": 5, "position": 12, "content": "\uc694\uc998 \uac00\uc7a5 \uad00\uc2ec\uc788\uace0 \uae30\ubc1c\ud558\ub2e4\uace0 \uc0dd\uac01\ud558\ub294 \ubaa8\ubc14\uc77c \uc11c\ube44\uc2a4\ub294 \uc5b4\ub5a4 \uac83\uc778\uac00?"}}, {"model": "epia.question", "pk": 90, "fields": {"company": 5, "position": 12, "content": "\uac1c\uc778\uc801\uc73c\ub85c \uc0dd\uac01\ud558\ub294 \uc88b\uc740 \uc571 \uc11c\ube44\uc2a4\ub294?"}}, {"model": "epia.question", "pk": 91, "fields": {"company": 5, "position": 12, "content": "\ub9c8\ucf00\ud305\uc744 \uc815\uc758\ub0b4\ub9ac\uc790\uba74?"}}, {"model": "epia.question", "pk": 92, "fields": {"company": 5, "position": 12, "content": "\ud604\uc7ac \uce74\uce74\uc624 \uc11c\ube44\uc2a4\uc758 \ubd80\uc871\ud55c \ubd80\ubd84\uc5d0 \uad00\ud574 \uc124\uba85\ud574 \uc8fc\uc138\uc694."}}, {"model": "epia.question", "pk": 93, "fields": {"company": 5, "position": 12, "content": "\uc18c\uc15c \ucf58\ud150\uce20\ub97c \ud6a8\uacfc\uc801\uc73c\ub85c \ud64d\ubcf4\ud558\uae30 \uc704\ud574\uc11c\ub294 \uc5b4\ub5bb\uac8c \ud574\uc57c \ud558\ub098\uc694?"}}, {"model": "epia.question", "pk": 94, "fields": {"company": 5, "position": 12, "content": "\uad6c\uae00\uc758 \ud55c \uc784\uc6d0\uc774 \ub9d0\ud558\uae38, \u201c\ud68c\uc0ac \ubcf5\ub3c4\uc5d0 \ub193\uc778 \ud734\uc9c0\ub97c \uc90d\ub294 \uc0ac\ub78c\u201d\uc774 \uad6c\uae00\uc758 \uc778\uc7ac\uc0c1\uc774\ub77c\uace0 \ud569\ub2c8\ub2e4. \uc774 \ub9d0\uc744 \ub4e3\uace0 \ub290\ub080 \uc810\uc744 \uc790\uc720\ub86d\uac8c 1\ubd84 \uc815\ub3c4\ub85c \uc774\uc57c\uae30\ud574 \uc8fc\uc138\uc694."}}, {"model": "epia.question", "pk": 95, "fields": {"company": 5, "position": 12, "content": "\uc804 \uc9c1\uc7a5\uc5d0\uc11c \uc131\ucde8\ud55c \uc77c\uc744 \uc601\uc5b4\ub85c \uc124\uba85\ud574 \uc8fc\uc138\uc694."}}, {"model": "epia.question", "pk": 96, "fields": {"company": 5, "position": 12, "content": "\ud574\uc678 \uc0ac\uc5c5 \uc9c4\ucd9c\uc2dc \uce74\uce74\uc624\uc5d0\uc11c\ub294 \uc5b4\ub5a4 \uc2dc\uc7a5 \uc804\ub7b5\uc744 \uc138\uc6cc\uc57c \ud558\ub098\uc694?"}}, {"model": "epia.question", "pk": 97, "fields": {"company": 5, "position": 12, "content": "\uce74\uce74\uc624\ud0dd\uc2dc, \uce74\uce74\uc624\uac8c\uc784\uc0f5 \ub4f1 \ud604\uc7ac \uc9c4\ud589 \uc911\uc778 \uc11c\ube44\uc2a4\uc758 \ub9c8\ucf00\ud305 \ud65c\ub3d9\uc744 \uc5b4\ub5bb\uac8c \uc0dd\uac01\ud558\uc2dc\ub098\uc694?"}}, {"model": "epia.question", "pk": 98, "fields": {"company": 5, "position": 13, "content": "\uce74\uce74\uc624\uc5d0\uc11c \ud558\uace0 \uc2f6\uc740 \uc77c\uc740 \ubb34\uc5c7\uc778\uac00?"}}, {"model": "epia.question", "pk": 99, "fields": {"company": 5, "position": 13, "content": "\ubcf8\uc778\uc774 \uce74\uce74\uc624\uc5d0 \uc785\uc0ac\ud55c\ub2e4\uba74, \ud300\uc5d0 \uae30\uc5ec\ud560 \uc218 \uc788\ub294 \uc810\uc740 \ubb34\uc5c7\uc774\ub77c\uace0 \uc0dd\uac01\ud558\ub098\uc694?"}}, {"model": "epia.question", "pk": 100, "fields": {"company": 5, "position": 14, "content": "\uac19\uc774 \uc77c\ud55c \ud300\uc6d0\uc774 \uc9c0\uc6d0\uc790\ub97c \uc5b4\ub5bb\uac8c \uc0dd\uac01\ud560 \uac83 \uac19\uc740\uac00?"}}, {"model": "epia.question", "pk": 101, "fields": {"company": 5, "position": 14, "content": "\uad00\ub828 \uc5c5\ubb34\ub294 \ud574\ubcf4\uc558\ub294\uac00?"}}, {"model": "epia.question", "pk": 102, "fields": {"company": 5, "position": 14, "content": "\uc11c\ube44\uc2a4 \uad00\ub828 \uacbd\ud5d8\uc774 \uc788\ub294\uac00? \ud574\ub2f9 \uc11c\ube44\uc2a4 \uad00\ub828 \uacbd\ud5d8\uc5d0 \ub300\ud574 \uc5b4\ub560\ub294\uc9c0 \uc774\uc57c\uae30\ud574\ubcf4\uc2dc\uc624."}}, {"model": "epia.question", "pk": 103, "fields": {"company": 5, "position": 14, "content": "\uc9c0\uc6d0\uc790\uac00 \uce74\uce74\uc624 \uc11c\ube44\uc2a4 \uc911\uc5d0\uc11c \uc778\uc0c1 \uae4a\uac8c \uc0dd\uac01\ud558\ub294 \uc11c\ube44\uc2a4\ub294 \ubb34\uc5c7\uc778\uc9c0 \uc608\ub97c \ub4e4\uc5b4 \uc124\uba85\ud574\ubcf4\uc2dc\uc624."}}, {"model": "epia.question", "pk": 104, "fields": {"company": 5, "position": 14, "content": "\ud0dd\uc2dc\uae30\uc0ac\uac00 \ud558\ub8e8\uc5d0 \uc5bc\ub9c8\ub97c \ubc84\ub294\uc9c0, \ub610\ud55c \ud68c\uc0ac\uc5d0 \ub0b4\uc57c \ud558\ub294 \ub3c8\uc774 \uc5b4\ub290 \uc815\ub3c4\uc778\uc9c0 \ub2f5\ud574\ubcf4\uc2dc\uc624."}}, {"model": "epia.question", "pk": 105, "fields": {"company": 5, "position": 15, "content": "MVC1\uacfc MVC2 \ud328\ud134\uc758 \ucc28\uc774\ub97c \uc124\uba85\ud574 \uc8fc\uc138\uc694."}}, {"model": "epia.question", "pk": 106, "fields": {"company": 5, "position": 15, "content": "\uc790\ubc14 \uae30\uc220\ub85c \uc791\uc131\ub41c \ubbf8\ub798\uac00 \uae30\ub300\ub418\ub294 \ud504\ub808\uc784\uc6cc\ud06c\uc640 \uadf8 \uc774\uc720\ub97c \uc124\uba85\ud574 \uc8fc\uc138\uc694."}}, {"model": "epia.question", "pk": 107, "fields": {"company": 5, "position": 15, "content": "\uc2a4\ud504\ub9c1 \ud504\ub808\uc784\uc6cc\ud06c\uc758 \ud2b9\uc9d5\uc5d0 \uad00\ud574 \uc124\uba85\ud574 \uc8fc\uc138\uc694."}}, {"model": "epia.question", "pk": 108, "fields": {"company": 5, "position": 15, "content": "\ucd5c\uadfc \uad00\uc2ec \uc788\ub294 \uc778\ud130\ub137 \uc138\uc0c1\uc758 \uc774\uc288\ub294 \ubb34\uc5c7\uc778\uac00\uc694?"}}, {"model": "epia.question", "pk": 109, "fields": {"company": 5, "position": 15, "content": "\uac80\uc0c9\uc774 \uc5b4\ub5a4 \ubc29\uc2dd\uc73c\ub85c \uc791\ub3d9\ud558\ub294\uc9c0 \ucd5c\ub300\ud55c \uc790\uc138\ud788 \uc124\uba85\ud574 \uc8fc\uc138\uc694."}}, {"model": "epia.question", "pk": 110, "fields": {"company": 5, "position": 15, "content": "\ub300\uc6a9\ub7c9 \ub370\uc774\ud130 \ucc98\ub9ac\ub97c \uc704\ud55c \uc11c\ube44\uc2a4 \uc544\ud0a4\ud14d\ucc98\uc5d0 \ub300\ud574 \uc124\uba85\ud574 \uc8fc\uc138\uc694. \uadf8\uc5d0 \ub300\ud55c \uae30\uc220\ub3c4 \ud568\uaed8 \ub9d0\uc500\ud574 \uc8fc\uc138\uc694."}}, {"model": "epia.question", "pk": 111, "fields": {"company": 5, "position": 15, "content": "\uc9c4\ud589 \ud588\ub358 \ud504\ub85c\uc81d\ud2b8\ub97c \uae30\uc220\uc801\uc778 \uce21\uba74\uc5d0\uc11c \uc124\uba85\ud574 \uc8fc\uc138\uc694."}}, {"model": "epia.question", "pk": 112, "fields": {"company": 5, "position": 15, "content": "\uc790\ubc14\uc758 GC\ub294 \uc5b4\ub5bb\uac8c \ub3d9\uc791\ud558\ub098\uc694?"}}, {"model": "epia.question", "pk": 113, "fields": {"company": 5, "position": 15, "content": "\uc815\ub82c \uc54c\uace0\ub9ac\uc998 \uc911 \uac00\uc7a5 \ube60\ub978 \ubc29\uc2dd\uc740 \ubb34\uc5c7\uc778\uac00\uc694? \uadf8 \uc54c\uace0\ub9ac\uc998\uc5d0 \ub300\ud574 \uc124\uba85\ud574 \uc8fc\uc138\uc694."}}, {"model": "epia.question", "pk": 114, "fields": {"company": 5, "position": 15, "content": "\uc790\ubc14\ub85c \uc790\ud310\uae30\ub97c \uc124\uacc4\ud560 \ub54c, \uc5b4\ub5bb\uac8c \uc124\uacc4\ud560 \uac83\uc778\uc9c0 \uc124\uba85\ud574 \uc8fc\uc138\uc694."}}, {"model": "epia.question", "pk": 115, "fields": {"company": 5, "position": 15, "content": "\ub2f9\uc2e0\uc740 \uce74\uce74\uc624 \uc548\uc5d0\uc11c 5\ub144 \ud6c4\uc5d0 \uc5b4\ub5a4 \uc9c1\uae09\uc774 \ub3fc \uc788\uc744\uae4c\uc694? \ub610, \ubb34\uc2a8 \uc77c\uc744 \ud558\uace0 \uc2f6\uc73c\uc2e0\uac00\uc694?"}}, {"model": "epia.question", "pk": 116, "fields": {"company": 5, "position": 15, "content": "RESTful \uc740 \ubb34\uc5c7\uc774\ub77c\uace0 \uc0dd\uac01\ud558\uc2dc\ub098\uc694?"}}, {"model": "epia.question", "pk": 117, "fields": {"company": 5, "position": 15, "content": "hashCode() \uac12\uc774 \ubaa8\ub450 \uac19\ub2e4\uba74 \uc5b4\ub5a4 \uc77c\uc774 \ubc8c\uc5b4\uc9c0\ub098\uc694?"}}, {"model": "epia.question", "pk": 118, "fields": {"company": 5, "position": 15, "content": "\uc774\uc804 \uc5c5\ubb34\uc5d0\uc11c \uae30\ub2a5\uc744 \uac1c\uc120\ud55c \uc0ac\ub840\uc5d0 \uad00\ud574 \uc124\uba85\ud574 \uc8fc\uc138\uc694."}}, {"model": "epia.question", "pk": 119, "fields": {"company": 5, "position": 15, "content": "\uc65c \uce74\uce74\uc624\uc5d0 \uc624\uace0 \uc2f6\uc73c\uc2e0\uac00\uc694?"}}, {"model": "epia.question", "pk": 120, "fields": {"company": 5, "position": 15, "content": "\ub2f9\uc2e0\uc774 \ub17c\ub9ac\uc801\uc73c\ub85c \ubb38\uc81c\ub97c \ud574\uacb0\ud588\ub358 \uacbd\ud5d8\uc744 \uc124\uba85\ud574 \uc8fc\uc138\uc694."}}, {"model": "epia.question", "pk": 121, "fields": {"company": 5, "position": 15, "content": "\ub300\ud654 \ub85c\uadf8\ub294 \uc5bc\ub9c8\ub098 \uc624\ub798 \uc11c\ubc84\uc5d0 \uc800\uc7a5\ud574\uc57c \ud560\uae4c\uc694?"}}, {"model": "epia.question", "pk": 122, "fields": {"company": 5, "position": 16, "content": "\ubcf8\uc778\uc758 \ud3ec\ud2b8\ud3f4\ub9ac\uc624\uc5d0 \uc788\ub294 \uac83 \ub9d0\uace0 \ub2e4\ub978 \uac83\ub4e4\uc740 \ubb34\uc5c7\uc744 \ud560 \uc218 \uc788\ub098\uc694?"}}, {"model": "epia.question", "pk": 123, "fields": {"company": 5, "position": 16, "content": "\ub77c\uc778\uacfc \uce74\uce74\uc624\ud1a1\uc758 \uc7a5\uc810\uacfc \ub2e8\uc810\uc744 \uc124\uba85\ud574 \uc8fc\uc138\uc694."}}, {"model": "epia.question", "pk": 124, "fields": {"company": 5, "position": 16, "content": "\ucc28\uc138\ub300 \uac80\uc0c9 \uc11c\ube44\uc2a4\ub294 \ubb34\uc5c7\uc774\ub77c\uace0 \uc0dd\uac01\ud558\ub098\uc694?"}}, {"model": "epia.question", "pk": 125, "fields": {"company": 5, "position": 16, "content": "\ubaa8\ubc14\uc77c \uc751\uc6a9\ud504\ub85c\uadf8\ub7a8\uc5d0\uc11c \uac80\uc0c9 \ubc84\ud2bc\uc740 \uc5b4\ub514\uc5d0 \uc704\uce58\ud558\ub294 \uac83\uc774 \uc88b\uc744\uae4c\uc694?"}}, {"model": "epia.question", "pk": 126, "fields": {"company": 5, "position": 16, "content": "\uc774\uc804 \ud300\uc5d0\uc11c \ubb38\uc81c \ud574\uacb0\uc744 \uc704\ud574 \uc5b4\ub5a4 \ub178\ub825\uc744 \ud558\uc168\ub098\uc694?"}}, {"model": "epia.question", "pk": 127, "fields": {"company": 5, "position": 16, "content": "\uc804 \uc9c1\uc7a5\uc5d0\uc11c \ud639\uc2dc \ubcc4\uba85\uc774 \uc788\uc5c8\ub098\uc694? \ubb34\uc5c7\uc774\uc5c8\ub098\uc694?"}}, {"model": "epia.question", "pk": 128, "fields": {"company": 5, "position": 16, "content": "\ud604\uc7ac \ub2e4\uc74c \ud648\ud398\uc774\uc9c0\uc5d0\uc11c \ub514\uc790\uc778 \uce21\uba74\uc5d0\uc11c \ud6cc\ub96d\ud558\ub2e4\uace0 \uc0dd\uac01\ud558\ub294 \uc11c\ube44\uc2a4\ub294 \ubb34\uc5c7\uc778\uac00\uc694?"}}, {"model": "epia.question", "pk": 129, "fields": {"company": 5, "position": 16, "content": "\uce74\uce74\uc624\ud1a1\uc5d0 \ucd94\uac00\ud558\ub418\ub098 \uc218\uc815\ub418\uba74 \uc88b\uc740 \uac83\ub4e4\uc740 \ubb34\uc5c7\uc774 \uc788\uc744\uae4c\uc694?"}}, {"model": "epia.question", "pk": 130, "fields": {"company": 5, "position": 16, "content": "\uc88b\uc544\ud558\ub294 \ub514\uc790\uc774\ub108\ub294 \ub204\uad6c\uc778\uac00\uc694?"}}, {"model": "epia.question", "pk": 131, "fields": {"company": 5, "position": 16, "content": "\uce74\uce74\uc624\uc758 \ube0c\ub79c\ub4dc \uc774\ubbf8\uc9c0\ub294 \ubb34\uc5c7\uc778\uac00\uc694?"}}, {"model": "epia.question", "pk": 132, "fields": {"company": 5, "position": 16, "content": "\uce74\uce74\uc624\uc758 \uc131\uc7a5\uc131\uacfc \ube44\uc804\uc5d0 \ub300\ud574 \ub9d0\uc500\ud574 \uc8fc\uc138\uc694."}}, {"model": "epia.question", "pk": 133, "fields": {"company": 5, "position": 16, "content": "\uc88b\uc544\ud558\ub294 \ube0c\ub79c\ub4dc\uac00 \ubb34\uc5c7\uc778\uac00\uc694? \uadf8\uac83\uc744 \uad6c\uc785 \ud558\uc168\ub098\uc694? \uad6c\uc785\ud558\uc9c0 \uc54a\uc73c\uc168\ub2e4\uba74 \uc65c \uad6c\uc785\ud558\uc9c0 \uc54a\uc73c\uc168\ub098\uc694?"}}, {"model": "epia.question", "pk": 134, "fields": {"company": 5, "position": 16, "content": "\uce74\uce74\uc624 \uce90\ub9ad\ud130\uc5d0 \ub300\ud574 \ud3c9\uac00\ud574 \uc8fc\uc138\uc694."}}, {"model": "epia.question", "pk": 135, "fields": {"company": 6, "position": 17, "content": "\ub2e4\ub978 \ud68c\uc0ac\uc5d0\ub294 \uc5b4\ub5a4 \ucabd\uc73c\ub85c \uc9c0\uc6d0\ud558\uc168\ub098\uc694? \uc9c0\uc6d0\ud558\uc2e4 \uc608\uc815\uc778\uac00\uc694?"}}, {"model": "epia.question", "pk": 136, "fields": {"company": 6, "position": 17, "content": "\ub2e4\ub978 \ubd84\uc57c\uc758 \uc778\ud134\uc744 \ud558\ub2e4\uac00 \uc65c \uac11\uc790\uae30 \uc774\ucabd \ubd80\uc11c\uc5d0 \uc9c0\uc6d0\ud558\uc168\ub098\uc694?"}}, {"model": "epia.question", "pk": 137, "fields": {"company": 6, "position": 17, "content": "\uc790\uae30\uc18c\uac1c\ub97c \ud574\uc8fc\uc138\uc694."}}, {"model": "epia.question", "pk": 138, "fields": {"company": 6, "position": 17, "content": "\uac8c\uc784\uc744 \uc5bc\ub9c8\ub098 \ud558\uba70, \uc5bc\ub9c8\ub098 \ud560 \uc218 \uc788\ub098\uc694."}}, {"model": "epia.question", "pk": 139, "fields": {"company": 6, "position": 17, "content": "\ucd9c\uc7a5\uc774 \uc7a6\uc740\ub370 \uc774\uc810\uc5d0 \uc788\uc5b4\uc11c \ubb38\uc81c\uac00 \uc5c6\ub098\uc694."}}, {"model": "epia.question", "pk": 140, "fields": {"company": 6, "position": 18, "content": "\ub77c\uc778 \uc0ac\uc625\uc5d0 \uc640 \ubcf4\ub2c8 \uc5b4\ub560\ub294\uc9c0 \ub290\ub080 \uc810\uc744 \uc774\uc57c\uae30\ud574\ubcf4\uc2dc\uc624."}}, {"model": "epia.question", "pk": 141, "fields": {"company": 6, "position": 18, "content": "\ub77c\uc778 HR\ud300\uc758 \uc5c5\ubb34\uac00 \uc5b4\ub5a4 \uac83\uc778\uc9c0 \uc54c\uace0 \uc654\ub294\uac00?"}}, {"model": "epia.question", "pk": 142, "fields": {"company": 6, "position": 18, "content": "\ubc88\uc5ed\uacfc \ud1b5\uc5ed \uc911 \uc790\uc2e0\uc788\ub294 \uac83\uc740 \ubb34\uc5c7\uc778\uac00?"}}, {"model": "epia.question", "pk": 143, "fields": {"company": 6, "position": 18, "content": "\uc778\uc0dd\uc758 \ucd5c\uc885 \ubaa9\ud45c\ub294 \ubb34\uc5c7\uc778\uac00?"}}, {"model": "epia.question", "pk": 144, "fields": {"company": 6, "position": 18, "content": "\uc778\ud134\uc73c\ub85c \uacbd\ud5d8\uc744 \uc313\ub294 \uac83\ubcf4\ub2e4\ub294 \ubcf8\uaca9\uc801\uc73c\ub85c \ucde8\uc5c5 \uc900\ube44\ub97c \ud560 \ub098\uc774 \uac19\uc740\ub370, \ud569\uaca9\ud558\uba74 \uadfc\ubb34\ub97c \ud560 \uc0dd\uac01\uc774 \uc788\ub294\uac00?"}}, {"model": "epia.question", "pk": 145, "fields": {"company": 6, "position": 18, "content": "\uc9c0\uc6d0\uc790\uc758 \uc778\uc0dd\uad00\uc740 \ubb34\uc5c7\uc778\uac00?"}}, {"model": "epia.question", "pk": 146, "fields": {"company": 6, "position": 18, "content": "\uc9c0\uc6d0\uc790\uc758 \uc9c1\uc5c5\uad00\uc740 \ubb34\uc5c7\uc778\uac00?"}}, {"model": "epia.question", "pk": 147, "fields": {"company": 6, "position": 19, "content": "\uc0ac\uc804 \uacfc\uc81c\ub294 \uc65c \uc774\ub807\uac8c \ud588\ub294\uac00?"}}, {"model": "epia.question", "pk": 148, "fields": {"company": 6, "position": 19, "content": "LINE \uac8c\uc784 \uc911 \ud574 \ubcf8 \uac8c\uc784\uc740 \ubb34\uc5c7\uc774\uba70, \ud574\ub2f9 \uac8c\uc784\uc758 \ub808\ubca8\uc740 \uc5b4\ub5bb\uac8c \ub418\ub294\uac00?"}}, {"model": "epia.question", "pk": 149, "fields": {"company": 6, "position": 19, "content": "\ub77c\uc778 \uac8c\uc784 \uc911 \uc7ac\ubbf8\uc788\uac8c \ud55c \uac8c\uc784\uc740 \ubb34\uc5c7\uc778\uac00?"}}, {"model": "epia.question", "pk": 150, "fields": {"company": 6, "position": 19, "content": "\ud0c0 \uc9c1\ubb34\ub97c \uc9c0\uc6d0\ud55c \ud6c4 \uae30\ud68d\uc9c1\uc5d0 \uc9c0\uc6d0\ud55c \uc774\uc720\ub294 \ubb34\uc5c7\uc778\uac00?"}}, {"model": "epia.question", "pk": 151, "fields": {"company": 6, "position": 19, "content": "\ub77c\uc778\uc774 \ubcf4\uac15\ub418\uc5b4\uc57c \ud560 \uc810\uc740 \ubb34\uc5c7\uc774\ub77c\uace0 \uc0dd\uac01\ud558\ub098\uc694?"}}, {"model": "epia.question", "pk": 152, "fields": {"company": 6, "position": 20, "content": "\ube0c\ub77c\uc6b0\uc800\uc5d0\uc11c \uc8fc\uc18c\ub97c \uc694\uccad\ud574\uc11c \uacb0\uacfc\ub97c \ubc1b\uc744 \ub54c\uae4c\uc9c0\uc758 \uacfc\uc815\uc744 \uc124\uba85\ud574\ubcf4\uc2ed\uc2dc\uc624."}}, {"model": "epia.question", "pk": 153, "fields": {"company": 6, "position": 20, "content": "9\uac1c\uc758 \uacf5\ub4e4 \uc911\uc5d0 \ubb34\uac8c\uac00 \uac00\ubcbc\uc6b4 \uacf5 \ud558\ub098\ub97c \ucc3e\ub294\ub370 \ucd5c\uc18c\ud55c\uc758 \ud69f\uc218\ub294?"}}, {"model": "epia.question", "pk": 154, "fields": {"company": 6, "position": 20, "content": "\ub77c\uc778\uc774 \ub2e4\ub978 \uba54\uc2e0\uc800\ub4e4\uacfc \ub2e4\ub978 \uc810\uc740 \ubb34\uc5c7\uc778\uac00\uc694?"}}, {"model": "epia.question", "pk": 155, "fields": {"company": 6, "position": 20, "content": "3G\ub9dd\uacfc \uc640\uc774\ud30c\uc774 \ub9dd\uc758 \ub2e4\ub978 \uc810\uc740 \ubb34\uc5c7\uc778\uac00?"}}, {"model": "epia.question", "pk": 156, "fields": {"company": 6, "position": 20, "content": "\uc2a4\ub808\ub4dc \ub85c\uceec\uc774\ub780 \ubb34\uc5c7\uc778\uac00?"}}, {"model": "epia.question", "pk": 157, "fields": {"company": 6, "position": 20, "content": "\uc571\uc744 \uc8fd\uc774\uba74, \uadf8\uac83\uc758 \ube0c\ub85c\ub4dc\uce90\uc2a4\ud2b8 \ub9ac\uc2dc\ubc84\ub294 \uacc4\uc18d \uc791\ub3d9\ud558\ub294\uac00?"}}, {"model": "epia.question", "pk": 158, "fields": {"company": 6, "position": 20, "content": "LTE\ub9dd\uc5d0\uc11c \uc0c1\ud0dc\uac12\ub4e4\uc5d0 \ub300\ud574 \uc124\uba85\ud558\ub77c"}}, {"model": "epia.question", "pk": 159, "fields": {"company": 6, "position": 20, "content": "TDD\ub97c \uc0ac\uc6a9\ud574 \ubcf8 \uc801\uc774 \uc788\ub294\uac00?"}}, {"model": "epia.question", "pk": 160, "fields": {"company": 6, "position": 20, "content": "\ub77c\uc778 \uac8c\uc784 \uc11c\ubc84\uc758 \uc544\ud0a4\ud14d\uccd0\ub97c \uad6c\uc131\ud55c\ub2e4\uba74 \uc5b4\ub5bb\uac8c \ud560 \uac83\uc778\uac00?"}}, {"model": "epia.question", "pk": 161, "fields": {"company": 6, "position": 20, "content": "\uc5b4\ub5a4 \ub54c\uc5d0 Java\uc5d0\uc11c \uc0dd\uc131\uc790\ub97c Private\ub85c \uc124\uc815\ud558\ub294\uac00?"}}, {"model": "epia.question", "pk": 162, "fields": {"company": 6, "position": 20, "content": "Java Garbage Collection\uc5d0 \ub300\ud574 \uc544\ub294\ub300\ub85c \ub9d0\ud574\ubcf4\ub77c."}}, {"model": "epia.question", "pk": 163, "fields": {"company": 7, "position": 21, "content": "\ud1a0\uc775\uc810\uc218\uc640 \ud1a0\uc775\uc2a4\ud53c\ud0b9\uc810\uc218\uac00 \uc788\ub294\ub370 \ud68c\ud654\ub2a5\ub825\uc744 '\ud558'\ub85c \ud45c\uc2dc\ud55c \uc774\uc720\ub294 \ubb34\uc5c7\uc778\uac00\uc694?"}}, {"model": "epia.question", "pk": 164, "fields": {"company": 7, "position": 21, "content": "\ud734\ub86c\uc774\ub77c\ub294 \ud68c\uc0ac\uc5d0 \ub300\ud574\uc11c \uc54c\uace0 \uc788\ub098\uc694?"}}, {"model": "epia.question", "pk": 165, "fields": {"company": 7, "position": 21, "content": "LG\ub514\uc2a4\ud50c\ub808\uc774\uc758 \uc5ec\ub7ec \uc81c\ud488 \uc911 \uc5b4\ub5a4 \uc81c\ud488\uc744 \uc5f0\uad6c\ud558\uace0 \uc2f6\uc740\uc9c0 \ub9d0\ud574\ubcf4\uc138\uc694."}}, {"model": "epia.question", "pk": 166, "fields": {"company": 7, "position": 21, "content": "LG\uc804\uc790 \uacbd\uc7c1\uc0ac\uc5d0 \ub300\ud574 \uc5b4\ub5bb\uac8c \uc0dd\uac01\ud558\ub098\uc694?"}}, {"model": "epia.question", "pk": 167, "fields": {"company": 7, "position": 21, "content": "LG\uc804\uc790 \ub9d0\uace0 \uc0c1\ubc18\uae30 \uc9c0\uc5c5\ud55c \uae30\uc5c5\uacfc \uadf8 \uc774\uc720\uc5d0 \ub300\ud574\uc11c \ub9d0\uc500\ud574\ubcf4\uc138\uc694."}}, {"model": "epia.question", "pk": 168, "fields": {"company": 7, "position": 21, "content": "LG\uc804\uc790\uc758 \uc81c\ud488\uc5d0 \ub300\ud574\uc11c \uc544\ub294 \uac83\uc774 \uc788\uc2b5\ub2c8\uae4c?"}}, {"model": "epia.question", "pk": 169, "fields": {"company": 7, "position": 21, "content": "\ub0c9\uc7a5\uace0\uc5d0 \uc788\uc5b4\uc11c \uac00\uc7a5 \uc911\uc694\ud558\ub2e4\uace0 \uc0dd\uac01\ud558\ub294 \uac83\uc744 \uc2dd\ud488\uacf5\ud559 \uad00\uc810\uc5d0\uc11c \uc598\uae30\ud574\ubcf4\uc138\uc694."}}, {"model": "epia.question", "pk": 170, "fields": {"company": 7, "position": 21, "content": "\uc0bc\uc131\uc804\uc790\uc640 LG\uc804\uc790\uc758 \ud578\ub4dc\ud3f0 \ucc28\uc774\uc810\uc740 \ubb34\uc5c7\uc774\ub77c \uc0dd\uac01\ud558\ub098\uc694?"}}, {"model": "epia.question", "pk": 171, "fields": {"company": 7, "position": 21, "content": "\uc11d\uc0ac\ub77c\uace0 \ud558\uba74 \uc2dc\ubbac\ub808\uc774\uc158\uacfc \uc2e4\ud5d8\uc744 \uac19\uc774 \ud574\uc11c \ubd84\uc11d\uc744 \ud574\uc57c \ud558\ub294 \uac83 \uc544\ub2cc\uac00\uc694? \uc65c \uc2e4\ud5d8\ubc16\uc5d0 \uc5c6\ub294\uc9c0 \ub9d0\ud574\uc904 \uc218 \uc788\ub098\uc694?"}}, {"model": "epia.question", "pk": 172, "fields": {"company": 7, "position": 21, "content": "\ucc45\uc744 \ub9ce\uc774 \uc77d\ub294 \ud3b8\uc778\uac00\uc694? \ucd5c\uadfc\uc5d0 \uc77d\uc740 \ucc45\uc740 \ubb34\uc5c7\uc774\uba70 \uadf8 \ub0b4\uc6a9\uc5d0 \ub300\ud574 \ub9d0\ud574\uc8fc\uc138\uc694."}}, {"model": "epia.question", "pk": 173, "fields": {"company": 7, "position": 21, "content": "CNT\ub294 \uc5bc\ub9c8 \ud558\ub294\uc9c0 \uc544\ub098\uc694?"}}, {"model": "epia.question", "pk": 174, "fields": {"company": 7, "position": 21, "content": "SI\ub2e8\uc704\ub294 7\uac1c\uac00 \uc788\uc2b5\ub2c8\ub2e4. \ubaa8\ub450 \ub9d0\ud574\ubcf4\uc138\uc694"}}, {"model": "epia.question", "pk": 175, "fields": {"company": 7, "position": 21, "content": "\uc5f4\uc5ed\ud559 \ubc95\uce59\uc5d0 \ub300\ud574 \uc124\uba85\ud574\ub2ec\ub77c."}}, {"model": "epia.question", "pk": 176, "fields": {"company": 7, "position": 21, "content": "\ubb34\uc5c7\uc744 \uc124\uacc4\ud558\uace0 \uc2f6\uace0 \uc5b4\ub5bb\uac8c \uc124\uacc4\ud560 \uac83\uc778\uac00?"}}, {"model": "epia.question", "pk": 177, "fields": {"company": 7, "position": 22, "content": "\ub2e4\ub978 \uc0ac\ub78c\uc774 \ud558\uae30 \uc2eb\uc5b4\ud558\ub294 \uc77c\uc744 \uc790\uc2e0\uc774 \ub098\uc11c\uc11c \ud588\ub358 \uacbd\uc6b0\uac00 \uc788\ub098\uc694?"}}, {"model": "epia.question", "pk": 178, "fields": {"company": 7, "position": 22, "content": "\uc138\uc0c1\uc744 \ub354 \uc88b\uc740 \uacf3\uc73c\ub85c \ub9cc\ub4e4\uae30 \uc704\ud574 \ubc1c\uba85\ud558\uace0 \uc2f6\uc740 \uac83\uc744 \ub9d0\ud574\ubcf4\uc138\uc694."}}, {"model": "epia.question", "pk": 179, "fields": {"company": 7, "position": 22, "content": "\uc5ec\ud0dc\uae4c\uc9c0 \ubcf8\uc778\uc758 \uc778\uc0dd\uc5d0\uc11c \uc788\uc5c8\ub358 \uac00\uc7a5 \ud070 \uc2e4\ud328 \uacbd\ud5d8\uc740 \ubb34\uc5c7\uc778\uac00\uc694?"}}, {"model": "epia.question", "pk": 180, "fields": {"company": 7, "position": 22, "content": "\uc870\uc9c1\uc758 \uc131\uacf5\uc744 \uc704\ud574 \uac00\uc7a5 \uc5f4\uc2ec\ud788 \uc77c\ud55c \uacbd\ud5d8\uc740 \ubb34\uc5c7\uc778\uac00\uc694?"}}, {"model": "epia.question", "pk": 181, "fields": {"company": 7, "position": 22, "content": "LG\uc804\uc790 \uc81c\ud488 \uc911\uc5d0\uc11c \uc790\uc2e0\uc774 \ub9cc\ub4e4\uc5c8\ub2e4\uba74 \ub2e4\ub974\uac8c \ub9cc\ub4e4\uc5c8\uc744 \uac83\uc774\ub77c\uace0 \uc0dd\uac01\ud558\ub294 \uc81c\ud488\uc774 \uc788\ub098\uc694?"}}, {"model": "epia.question", "pk": 182, "fields": {"company": 7, "position": 23, "content": "\uc885\ud569\uc124\uacc4 \ud504\ub85c\uc81d\ud2b8\uc5d0 \ub300\ud574 \uc124\uba85\ud574\ubcf4\uc138\uc694."}}, {"model": "epia.question", "pk": 183, "fields": {"company": 7, "position": 23, "content": "\uc900\ube44\ud588\ub358 \uad00\uc2ec\uc788\ub294 \uc81c\ud488\uacfc \uadf8 \uc774\uc720\uc5d0 \ub300\ud574 \ub9d0\ud574\ubcf4\uc138\uc694."}}, {"model": "epia.question", "pk": 184, "fields": {"company": 7, "position": 24, "content": "\ub179\uc758 \uc885\ub958\uc640 \ud2b9\uc131 \uadf8\ub9ac\uace0 \ub179 \uc0dd\uc131 \uc6d0\ub9ac\ub97c \ub9d0\ud574\ub2ec\ub77c."}}, {"model": "epia.question", "pk": 185, "fields": {"company": 7, "position": 25, "content": "\uc7ac\uadc0\ud568\uc218\uc758 \ubb38\uc81c\uc810\uc740 \ubb34\uc5c7\uc778\uac00?"}}, {"model": "epia.question", "pk": 186, "fields": {"company": 7, "position": 26, "content": "\uc555\ucd95\uae30\uc758 \uc6d0\ub9ac\ub294 \uc5b4\ub5a4 \uac83\uc778\uac00?"}}, {"model": "epia.question", "pk": 187, "fields": {"company": 7, "position": 26, "content": "\uc778\uacf5\uc9c0\ub2a5\ud615 \uc8fc\uac70\ud658\uacbd\uc774 \uad6c\ucd95\ub41c \uc9d1\uc744 \uace0\uac1d\uc5d0\uac8c \ud314 \ub54c \uc5b4\ub5bb\uac8c \ud560 \uac83\uc778\uac00?"}}, {"model": "epia.question", "pk": 188, "fields": {"company": 7, "position": 26, "content": "\uc804\uacf5\uacfc \uc601\uc5c5\uc744 \uc5f0\uacb0\uc2dc\ucf1c\uc11c \uc124\uba85\ud574\ub2ec\ub77c."}}, {"model": "epia.question", "pk": 189, "fields": {"company": 7, "position": 27, "content": "\uc5d4\uc9c0\ub2c8\uc5b4\uc640 \uc77c\ud558\ub294 \uacfc\uc815\uc5d0\uc11c \ud2b8\ub7ec\ube14\uc744 \uc5b4\ub5bb\uac8c \ud480\uc5b4\uac08 \uac83\uc778\uac00?"}}, {"model": "epia.question", "pk": 190, "fields": {"company": 7, "position": 28, "content": "\ub2e4\uc74c \uadf8\ub798\ud504\ub97c \ubcf4\uace0 PC \uc2dc\uc7a5 (\ub370\uc2a4\ud06c\ud0d1, \ub178\ud2b8\ubd81, \ud14c\ube14\ub9bf) \uc758 \ud604\ud669\uc744 \ubd84\uc11d\ud558\uace0, \ud5a5\ud6c4 LG \uc804\uc790\uac00 \uac01 \ud488\ubaa9\uc5d0 \ub300\ud558\uc5ec \ud5a5\ud6c4 \ucde8\ud574\uc57c \ud560 \uc804\ub7b5\uc740 \ubb34\uc5c7\uc778\uac00?"}}, {"model": "epia.question", "pk": 191, "fields": {"company": 7, "position": 29, "content": "\uc5f4\uc5ed\ud559\uacfc \uc5f0\uc18c\uc640\uacf5\ud574\ub97c \ubc30\uc6e0\ub294\ub370, \uc774 \uacfc\ubaa9\ub4e4\uc774 \uc9c1\ubb34\uc5d0 \uc5b4\ub5bb\uac8c \uc791\uc6a9\ub420\uae4c\uc694?"}}, {"model": "epia.question", "pk": 192, "fields": {"company": 7, "position": 29, "content": "\uc720\uccb4\uc5ed\ud559\uc740 \uae30\uad6c\uc124\uacc4\uc5d0 \uc5b4\ub5bb\uac8c \uc791\uc6a9\ud558\ub098\uc694?"}}, {"model": "epia.question", "pk": 193, "fields": {"company": 7, "position": 30, "content": "\uc720\uccb4\uc5ed\ud559\uc5d0\uc11c \uac00\uc7a5 \uc911\uc694\ud55c \uacf5\uc2dd\uc774 \ubb34\uc5c7\uc77c\uae4c?"}}, {"model": "epia.question", "pk": 194, "fields": {"company": 7, "position": 30, "content": "\ucc3d\uc6d0\uc5d0\uc11c \uadfc\ubb34 \uac00\ub2a5\ud55c\uac00?"}}, {"model": "epia.question", "pk": 195, "fields": {"company": 7, "position": 30, "content": "(\uc601\uc5b4) \uc601\ud654 \uc5b4\ubca4\uc838\uc2a4\uc5d0\uc11c \ucea1\ud2f4\uc544\uba54\ub9ac\uce74\uc640 \uc544\uc774\uc5b8\ub9e8\uc774 \uc2f8\uc6b0\ub294\ub370 \ub108\ub294 \uc5b4\ub290\ud300\uc744 \uc120\ud0dd \ud558\uaca0\ub294\uac00?"}}, {"model": "epia.question", "pk": 196, "fields": {"company": 7, "position": 30, "content": "\ud070 \uc678\ub825\uc774 \uc5b4\ub5a4 \ud655\ub960\ub85c \uc77c\uc5b4\ub09c\ub2e4\uace0 \ud588\uc744\ub54c \uadf8\ub0e5 \uadf8 \uc678\ub825\uc744 \ubcf4\uc644\ud560 \uc218 \uc788\uac8c \uc124\uacc4\ud558\uba74 \uc548\ub418\ub098?"}}, {"model": "epia.question", "pk": 197, "fields": {"company": 7, "position": 31, "content": "\ub2e4\uc0c1\uc720\ub3d9\ubd84\ub9ac\uae30 \uacfc\uc81c\ub97c \uc2e4\ubb34\uc790\uae4c\uc9c0 \uc9c4\ud589\ud588\ub2e4\uace0 \ud588\ub294\ub370 \ud798\ub4e0 \uc810\uc740 \uc5c6\uc5c8\ub098\uc694?"}}, {"model": "epia.question", "pk": 198, "fields": {"company": 7, "position": 31, "content": "\uc138\ubd80\uc804\uacf5\uc740 \ud574\ub2f9 \ud300\uc758 \uc9c1\ubb34\uc5d0\uc11c \uae30\uc5ec\ud560 \uc218 \uc5c6\ub294\ub370 \uad1c\ucc2e\ub098\uc694?"}}, {"model": "epia.question", "pk": 199, "fields": {"company": 7, "position": 31, "content": "\ube44\ud589\uccb4\ub97c \uc5f0\uad6c\ud558\uc600\ub294\ub370 \uae30\uacc4\uacf5\ud559\uc801\uc73c\ub85c \uc5b4\ub5a0\ud55c \uc5f0\uad00\uc774 \uc788\ub294\uc9c0 \uc124\uba85\ud574\ubcf4\uc138\uc694"}}, {"model": "epia.question", "pk": 200, "fields": {"company": 7, "position": 31, "content": "\ubc15\uc0ac\ub97c \uc548\ud558\uace0 \uc11d\uc0ac\uae4c\uc9c0 \ud559\uc704\ub97c \ub9c8\uce5c \uc774\uc720\ub294?"}}, {"model": "epia.question", "pk": 201, "fields": {"company": 7, "position": 31, "content": "\uc5d0\uc5b4\ucee8\uc758 \uc6d0\ub9ac\uc5d0 \ub300\ud574 \uac04\ub2e8\ud788 \uc124\uba85\ud558\ub77c"}}, {"model": "epia.question", "pk": 202, "fields": {"company": 7, "position": 31, "content": "\uc5d0\uc5b4\ucee8\uc5d0 \uad6c\ub9ac\uac00 \ub9ce\uc774 \ub4e4\uc5b4\uac00\ub294\ub370, \uad6c\ub9ac\uc5d0 \ubd80\uc2dd\uc5d0 \ub300\ud574 \uc544\ub294 \uac83\uc774 \uc788\ub294\uac00?"}}, {"model": "epia.question", "pk": 203, "fields": {"company": 7, "position": 31, "content": "\uc5f4\uc804\uc18c\uc790\ub97c \ud65c\uc6a9\ud55c \ub0c9\uac01\uae30 \uc544\uc774\ub514\uc5b4\ub97c \ub0c8\ub294\ub370, \uc774\ub97c \uc5d0\uc5b4\ucee8\uc5d0 \uc801\uc6a9\ud558\uba74 \uc5d0\uc5b4\ucee8\uc758 \uc5b4\ub5a4 \ubd80\ud488\uc774 \uc0ac\ub77c\uc9c0\uac8c \ub418\ub294\uac00?"}}, {"model": "epia.question", "pk": 204, "fields": {"company": 7, "position": 31, "content": "\uc5d0\uc5b4\ucee8\uc758 \uc6d0\ub9ac\uc5d0 \ub300\ud574 \uac04\ub2e8\ud788 \uc124\uba85\ud558\ub77c"}}, {"model": "epia.question", "pk": 205, "fields": {"company": 7, "position": 32, "content": "\uc544\ud504\ub9ac\uce74 \uc6b0\uac04\ub2e4\uc5d0 \uc0c8\ub85c\uc6b4 \uc9c0\uc0ac\uac00 \uac00\uc11c \uadfc\ubb34\ud558\uac8c \ub418\uc5c8\ub2e4. \uc7ac\ubb34\ub2f4\ub2f9\uc790\ub85c\uc11c \ubb34\uc5c7\uc744 \ud574\uc57c\ud558\ub098?"}}, {"model": "epia.question", "pk": 206, "fields": {"company": 7, "position": 33, "content": "LG \ubca0\uc2a4\ud2b8\uc20d\uc744 \ubc29\ubb38\ud574 \ubcf8 \uc801\uc774 \uc788\ub294\uac00?"}}, {"model": "epia.question", "pk": 207, "fields": {"company": 7, "position": 33, "content": "\uc81c\ud488\uc758 \uac00\uaca9\uc744 \ub0ae\ucd98\ub2e4\uba74 \ud68c\uc0ac\uc758 \uc190\uc775\uc5d0\ub3c4 \uc601\ud5a5\uc744 \ubbf8\uce58\ub294\ub370 \uc5b4\ub5bb\uac8c \ud574\uc57c \uc88b\uc744\uae4c?"}}, {"model": "epia.question", "pk": 208, "fields": {"company": 7, "position": 33, "content": "\ubca0\uc2a4\ud2b8\uc20d\uc5d0\uc11c \ub9e4\ub2c8\uc800\uc5d0\uac8c \uc0c1\ub2f4\uc744 \ubc1b\uc544 \ubcf4\uc558\ub294\uac00?"}}, {"model": "epia.question", "pk": 209, "fields": {"company": 7, "position": 34, "content": "\ub124\ud2b8\uc6cc\ud06c\uc5d0\uc11c OSI 7\uacc4\uce35\uc5d0 \ub300\ud574\uc11c \uc124\uba85\ud574\ubcf4\uc138\uc694."}}, {"model": "epia.question", "pk": 210, "fields": {"company": 7, "position": 34, "content": "\ud504\ub85c\uc81d\ud2b8 \uacbd\ud5d8 \uc911\uc5d0\uc11c \uad70\uc9d1 \uc790\uc728 \uc8fc\ud589 \ud504\ub85c\uc81d\ud2b8\ub97c \ud558\uc168\ub294\ub370 \uc774 \ud504\ub85c\uc81d\ud2b8\uc5d0\uc11c \uc6d0\ub9ac\uac00 \ubb54\uac00\uc694?"}}, {"model": "epia.question", "pk": 211, "fields": {"company": 7, "position": 34, "content": "\uc6b0\ub9ac \ud68c\uc0ac\uc5d0 \uae30\uc5ec\ud560 \uc218 \uc788\ub294 \ubd80\ubd84\uc73c\ub85c \uc2a4\ub9c8\ud2b8\ud648 \uad6c\ud604\uc774\ub77c\uace0 \ud558\uc168\ub294\ub370 \uc815\ud655\ud788 \ubb34\uc2a8\ub9d0\uc778\uac00\uc694?"}}, {"model": "epia.question", "pk": 212, "fields": {"company": 8, "position": 35, "content": "\ubcf8\uc778\uc774 \uac00\uc7a5 \ud765\ubbf8\ub86d\uac8c \ub4e4\uc5c8\ub358 \uc218\uc5c5\uc740 \ubb34\uc5c7\uc774\uc5c8\uace0 \uadf8 \uc774\uc720\ub294 \ubb34\uc5c7\uc778\uac00\uc694?"}}, {"model": "epia.question", "pk": 213, "fields": {"company": 8, "position": 35, "content": "\uc88b\uc544\ud558\ub294 \uc77c\uacfc \uc798\ud558\ub294 \uc77c \uc911\uc5d0 \uc5b4\ub290 \uac83\uc744 \uc9c1\uc5c5\uc73c\ub85c \ud558\ub294\uac8c \uc88b\ub2e4\uace0 \uc0dd\uac01\ud558\ub098\uc694?"}}, {"model": "epia.question", "pk": 214, "fields": {"company": 8, "position": 35, "content": "CVD \uacf5\uc815\uc5d0\uc11c Void\uac00 \uc0dd\uae30\ub294 \uac83\uc744 \ubc29\uc9c0\ud558\uae30 \uc704\ud55c \ubc29\ubc95\uc73c\ub85c\ub294 \uc5b4\ub5a4 \uac83\uc774 \uc788\uc744\uae4c\uc694?"}}, {"model": "epia.question", "pk": 215, "fields": {"company": 8, "position": 35, "content": "\ubcf8\uc778\uc758 \ucc3d\uc758\uc801\uc778 \uacbd\ud5d8\uc740 \ubb34\uc5c7\uc774 \uc788\uc5c8\ub098\uc694?"}}, {"model": "epia.question", "pk": 216, "fields": {"company": 8, "position": 35, "content": "\ucc3d\uc758, \ub2a5\ub3d9\uc801\uc774\ub77c\uace0 \ud558\uc168\ub294\ub370 \uc0ac\ub840\uac00 \uc788\ub098\uc694?"}}, {"model": "epia.question", "pk": 217, "fields": {"company": 8, "position": 35, "content": "\uc9c0\uc6d0\ud55c \uc9c1\ubb34\uac00 \ubb34\uc5c7\uc778\uc9c0 \uc54c\uace0 \uc788\ub098\uc694?"}}, {"model": "epia.question", "pk": 218, "fields": {"company": 8, "position": 35, "content": "\uc624\ub298 \uc815\uc7a5\uc744 \uc785\uc740 \uc9c0\uc6d0\uc790\uac00 \ub9ce\uc558\ub294\ub370, \ube44\uc988\ub2c8\uc2a4 \uce90\uc8fc\uc5bc\uc744 \uc785\uc740 \uc774\uc720\ub294?"}}, {"model": "epia.question", "pk": 219, "fields": {"company": 8, "position": 35, "content": "\uc0bc\uc131\uc804\uc790\uc640 SK\ud558\uc774\ub2c9\uc2a4 \ub458\ub2e4 \ubd99\uc73c\uba74 \uc5b4\ub514\ub97c \uc120\ud0dd\ud560 \uac83\uc778\uac00\uc694?"}}, {"model": "epia.question", "pk": 220, "fields": {"company": 8, "position": 35, "content": "\ud734\ud559 \uae30\uac04 \ub3d9\uc548\uc740 \ubb58 \ud588\ub098\uc694?"}}, {"model": "epia.question", "pk": 221, "fields": {"company": 8, "position": 35, "content": "\ubcf8\uc778\uc740 \ub9ac\ub354\ud615\uc778\uc9c0 \ud544\ub85c\uc6cc\ud615\uc778\uc9c0 \uc124\uba85\ud574\ub77c."}}, {"model": "epia.question", "pk": 222, "fields": {"company": 8, "position": 35, "content": "\uc9c0\uc6d0\ud55c \ubd84\uc57c\uac00 \ubcf8\uc778\ud558\uace0 \uc798 \uc548\ub9de\uc73c\uba74 \uc5b4\ub5bb\uac8c \ud560 \uac83\uc778\uac00?"}}, {"model": "epia.question", "pk": 223, "fields": {"company": 8, "position": 35, "content": "\uc0c8\ubcbd 2\uc2dc\uc5d0 \uae30\uacc4\uac00 \uace0\uc7a5\ub0ac\ub294\ub370 \uc120\ubc30\uac00 \uc5c6\uc5b4\uc694 \uc5b4\ub5a1\ud560\uac74\uac00\uc694?"}}, {"model": "epia.question", "pk": 224, "fields": {"company": 8, "position": 35, "content": "\ubcf8\uc778 \uc9c1\ubb34\uc5d0 \ub9de\uc9c0 \uc54a\ub294 \uc77c\uc744 \ud55c\ub2e4\uba74 \uc5b4\ub5a1\ud560 \uac74\uac00\uc694?"}}, {"model": "epia.question", "pk": 225, "fields": {"company": 8, "position": 35, "content": "\uce5c\uad6c\uc640 \uac08\ub4f1\uacbd\ud5d8, \uc5b4\ub5bb\uac8c \ud480\uc5b4\ub098\uac14\ub098\uc694?"}}, {"model": "epia.question", "pk": 226, "fields": {"company": 8, "position": 35, "content": "\ub0b4\uac00 \ub0a8\ub4e4\ubcf4\ub2e4 \ub6f0\uc5b4\ub098\ub2e4\uace0 \uc0dd\uac01\ud558\ub294\uc810\uc740?"}}, {"model": "epia.question", "pk": 227, "fields": {"company": 8, "position": 35, "content": "\uc874\uacbd\ud558\ub294 \uc0ac\ub78c?"}}, {"model": "epia.question", "pk": 228, "fields": {"company": 8, "position": 35, "content": "\uc878\uc5c5\uc720\uc608\ud558\uace0 \ubb50\ud588\ub0d0?"}}, {"model": "epia.question", "pk": 229, "fields": {"company": 8, "position": 35, "content": "\uaf3c\uaf3c\ud568\uc744 \ubcf4\uc77c \uc218 \uc788\ub294 \uc0ac\ub840"}}, {"model": "epia.question", "pk": 230, "fields": {"company": 8, "position": 35, "content": "\ucde8\ubbf8\uc0dd\ud65c\uc740?"}}, {"model": "epia.question", "pk": 231, "fields": {"company": 8, "position": 35, "content": "\ud300 \ud65c\ub3d9\uc744 \ud558\uba74\uc11c \ud798\ub4e0 \uc77c\uc774 \uc0dd\uae34\ub2e4\uba74 \uc5b4\ub5bb\uac8c \ud558\uaca0\ub294\uac00?"}}, {"model": "epia.question", "pk": 232, "fields": {"company": 8, "position": 35, "content": "\uc9c1\ubb34\uc5d0 \uc65c \uc801\ud569\ud55c\uac00?"}}, {"model": "epia.question", "pk": 233, "fields": {"company": 8, "position": 35, "content": "\ub048\uae30\uc788\uac8c \uc2dc\ub3c4\ud588\ub358 \uacbd\ud5d8\uc5d0 \ub300\ud574 \ub9d0\ud574\ubcf4\uc2dc\uc624."}}, {"model": "epia.question", "pk": 234, "fields": {"company": 8, "position": 35, "content": "\uc5ec\uae30 \ubcf4\ub2c8 \uc874\uacbd\ud558\ub294 \uc0ac\ub78c\uc774 OO OOO \uc120\uc0dd\uc778\ub370, \uc774 \uc0ac\ub78c\uc774 \ub204\uad6c\uc8e0?"}}, {"model": "epia.question", "pk": 235, "fields": {"company": 8, "position": 36, "content": "\ub2e4\ub978 \uc9c0\uc6d0\uc790\ubcf4\ub2e4 \ub6f0\uc5b4\ub09c \uc810\uc740 \ubb34\uc5c7\uc778\uac00\uc694?"}}, {"model": "epia.question", "pk": 236, "fields": {"company": 8, "position": 36, "content": "\uc77c\uc5d0 \uc788\uc5b4\uc11c \uacfc\uc815\uacfc \uacb0\uacfc \uc911 \uc5b4\ub290 \uac83\uc774 \uc911\uc694\ud558\ub2e4\uace0 \uc0dd\uac01\ud558\ub294\uac00?"}}, {"model": "epia.question", "pk": 237, "fields": {"company": 8, "position": 37, "content": "\ubc18\ub3c4\uccb4 \ubd84\uc57c\uc5d0 \uc9c0\uc6d0\ud55c \uc774\uc720\ub294 \ubb34\uc5c7\uc778\uac00\uc694?"}}, {"model": "epia.question", "pk": 238, "fields": {"company": 8, "position": 37, "content": "\uc790\uaca9\uc99d\ub780\uc774 \ube44\uc5b4\uc788\ub294 \uc774\uc720\ub294 \ubb34\uc5c7\uc778\uac00\uc694?"}}, {"model": "epia.question", "pk": 239, "fields": {"company": 8, "position": 38, "content": "\uc8fc 52\uc2dc\uac04 \uadfc\ubb34\uc81c\uc5d0 \ub300\ud574 \uc5b4\ub5bb\uac8c \uc0dd\uac01\ud558\ub098?"}}, {"model": "epia.question", "pk": 240, "fields": {"company": 8, "position": 39, "content": "\uc124\ube44\uc9c1\ubb34\ub97c \uc120\ud0dd\ud558\uc168\ub294\ub370 \ubcf8\uc778\uc774 \uc124\ube44\uc9c1\ubb34\ub97c \uc218\ud589\ud568\uc5d0 \uc788\uc5b4\uc11c \uc5b4\ub5a0\ud55c \uc7a5\uc810\ub4e4\uc774 \uc788\ub294\uc9c0?"}}, {"model": "epia.question", "pk": 241, "fields": {"company": 8, "position": 39, "content": "\uc124\ube44\uc9c1\uc774 \ubb34\uc2a8\uc77c\uc744 \ud558\ub294\uacf3\uc778\uc9c0 \uc544\ub098?"}}, {"model": "epia.question", "pk": 242, "fields": {"company": 8, "position": 40, "content": "\ud55c\uc804\uc774 \uc804\uae30 \ucd5c\uace0\uc758 \uae30\uc5c5\uc778\ub370 \uc65c \uc0bc\uc131\uc804\uc790\uc5d0 \uc9c0\uc6d0\ud558\uc168\uc2b5\ub2c8\uae4c?"}}, {"model": "epia.question", "pk": 243, "fields": {"company": 8, "position": 40, "content": "\ud328\ub7ec\ub370\uc774 \ubc95\uce59\uacfc \ub80c\uce20\uc5d0 \ubc95\uce59\uc5d0 \ub300\ud558\uc5ec \uc124\uba85\ud558\uace0 \uacf5\ud1b5\uc810\uacfc \ucc28\uc774\uc810\uc5d0 \ub300\ud558\uc5ec \uc124\uba85\ud558\uc138\uc694."}}, {"model": "epia.question", "pk": 244, "fields": {"company": 8, "position": 40, "content": "\ubcc0\uc555\uae30\uc758 \uc6d0\ub9ac\uc5d0 \ub300\ud558\uc5ec \uc124\uba85\ud574\uc8fc\uc138\uc694."}}, {"model": "epia.question", "pk": 245, "fields": {"company": 8, "position": 41, "content": "\uc601\uc5c5\uc5d0 \uc9c0\uc6d0\ud55c \uc774\uc720\ub294 \ubb34\uc5c7\uc778\uac00?"}}, {"model": "epia.question", "pk": 246, "fields": {"company": 8, "position": 41, "content": "\ub9c8\ucf00\ud305\uacfc \uc601\uc5c5 \uc9c1\ubb34 \uc911 \uc5b4\ub290 \ucabd\uc774 \ubcf8\uc778 \uc801\uc131\uc5d0 \ub9de\ub294\ub2e4\uace0 \uc0dd\uac01\ud558\ub294\uc9c0? \uadf8 \uc774\uc720\ub294?"}}, {"model": "epia.question", "pk": 247, "fields": {"company": 8, "position": 42, "content": "10\ub144 \ud6c4 \uc190\ubaa9 \ud130\ub110\uc99d\ud6c4\uad70 \ud658\uc790\uac00 \uc904\uc5b4\ub4e0\ub2e4. \uc65c \uadf8\ub7f0\uac00?"}}, {"model": "epia.question", "pk": 248, "fields": {"company": 8, "position": 42, "content": "\ubcf8\uc778\uc774 \uc6d0\ud558\ub294 \ubd80\uc11c\uac00 \uc544\ub2c8\ub77c\ub3c4 \uc77c\ud560 \uc218 \uc788\ub294\uac00?"}}, {"model": "epia.question", "pk": 249, "fields": {"company": 8, "position": 42, "content": "\uc9c1\uc7a5 \uc0c1\uc0ac\uac00 \ubd80\ub2f9\ud55c \uc77c\uc744 \ucc98\ub9ac\ud558\ub77c\uace0 \uc2dc\ud0a8\ub2e4\uba74 \ub2f9\uc2e0\uc740 \uc5b4\ub5bb\uac8c \ub300\ub2f5\ud560 \uac83\uc778\uac00?"}}, {"model": "epia.question", "pk": 250, "fields": {"company": 8, "position": 42, "content": "\uc81c\ud488\uc5d0 \ud558\uc790\uac00 \uc788\ub294 \uac78 \uc54c\uba74\uc11c\ub3c4 \ubb3c\uac74\uc744 \ud314\uc544\uc57c \ud558\ub294 \uc0c1\ud669\uc5d0 \ub193\uc778\ub2e4\uba74 \uc5b4\ub5bb\uac8c \ud560 \uac83\uc778\uac00?"}}, {"model": "epia.question", "pk": 251, "fields": {"company": 8, "position": 42, "content": "\uc0bc\uc131 \ud578\ub4dc\ud3f0\uc774 \uc18c\ud504\ud2b8\uc6e8\uc5b4\uc5d0\uc11c \ubd80\uc871\ud55c \uc810\uc774 \ubb34\uc5c7\uc774\ub77c\uace0 \uc0dd\uac01\ud558\ub294\uc9c0 \uad6c\uccb4\uc801\uc73c\ub85c \ub9d0\ud558\uc2dc\uc624"}}, {"model": "epia.question", "pk": 252, "fields": {"company": 9, "position": 43, "content": "\uae08\uc735\uad8c \ubaa8\ubc14\uc77c \uc2dc\uc2a4\ud15c \uac1c\ubc1c\uc744 \uc5b4\ub5bb\uac8c \uad6c\ud604\ud560 \uac83\uc778\uac00"}}, {"model": "epia.question", "pk": 253, "fields": {"company": 9, "position": 43, "content": "\ub124\ud2b8\uc6cc\ud06c\uc640 \uc11c\ubc84 \uacfc\uc81c \uc911 \uc11c\ubc84\ub97c \ud0dd\ud55c \uc774\uc720\ub294?"}}, {"model": "epia.question", "pk": 254, "fields": {"company": 9, "position": 43, "content": "\uc0bc\uc131SDS \uc785\uc0ac \ud6c4 \ud558\uace0 \uc2f6\uc740 \uc77c\uc740?"}}, {"model": "epia.question", "pk": 255, "fields": {"company": 9, "position": 43, "content": "\ud504\ub85c\uc81d\ud2b8 \uc911 \uc758\uacac \ucda9\ub3cc\uc774 \uc788\uc744 \uacbd\uc6b0 \ub300\ucc98 \ubc29\uc548"}}, {"model": "epia.question", "pk": 256, "fields": {"company": 9, "position": 43, "content": "java\ub97c \uc5b4\ub290 \uc815\ub3c4 \uc218\uc900\uae4c\uc9c0 \ud560 \uc218 \uc788\ub294\uac00"}}, {"model": "epia.question", "pk": 257, "fields": {"company": 9, "position": 43, "content": "\uc0bc\uc131SDS\uc5d0 \ud544\uc694\ud55c \ubd80\ubd84\uc774 \ubb34\uc5c7\uc778\uac00?"}}, {"model": "epia.question", "pk": 258, "fields": {"company": 9, "position": 43, "content": "\ud504\ub85c\uc81d\ud2b8 \uc218\ud589 \uc2dc \ud2b9\uc815\ud55c \uc0c1\ud669\uc5d0\uc11c \ud234\uc744 \uc0ac\uc6a9\ud560 \uac83\uc778\uac00, \uc778\ub825\uc744 \ub354 \ud22c\uc785\ud560 \uac83\uc778\uac00?"}}, {"model": "epia.question", "pk": 259, "fields": {"company": 9, "position": 43, "content": "\uc6b0\ub9ac \ud68c\uc0ac\uc5d0\uc11c \ud558\uace0 \uc788\ub294 \uc0ac\uc5c5\uc740 \ubb34\uc5c7\uc774 \uc788\ub294\uac00?"}}, {"model": "epia.question", "pk": 260, "fields": {"company": 9, "position": 43, "content": "\uc778\ubb38\uacc4\uc5f4\uc778\ub370 \uc774 \uae38\uc744 \uc120\ud0dd\ud55c \uc774\uc720\ub294 \ubb34\uc5c7\uc778\uac00?"}}, {"model": "epia.question", "pk": 261, "fields": {"company": 9, "position": 43, "content": "HADOOP\uc5d0 \ub300\ud574 \uc124\uba85\ud574\ubd10\ub77c"}}, {"model": "epia.question", "pk": 262, "fields": {"company": 9, "position": 43, "content": "\uc804\uccb4\uc801\uc73c\ub85c \uc131\uc801\uc774 \uc88b\uc740\ub370 \uc774 \uacfc\ubaa9\uc740 \uc65c C \uc744 \ubc1b\uc558\ub098\uc694?"}}, {"model": "epia.question", "pk": 263, "fields": {"company": 9, "position": 44, "content": "\ubd88\ud569\uaca9\ud558\uac8c \ub418\uba74 \uadf8 \uc774\uc720\ub294 \ubb34\uc5c7\uc774\ub77c\uace0 \uc0dd\uac01\ud558\ub294\uac00?"}}, {"model": "epia.question", "pk": 264, "fields": {"company": 9, "position": 45, "content": "\ud68c\uc0ac\uac00 \uae00\ub85c\ubc8c \uc9c4\ucd9c\uc744 \uc704\ud574 \ud574\uc57c\ud560 \uc0ac\uc5c5 \uc804\ub7b5\uc740 \uc5b4\ub5a4 \uac83\uc778\uc9c0 \ub9d0\ud574\ubcf4\uc2dc\uc624."}}, {"model": "epia.question", "pk": 265, "fields": {"company": 9, "position": 46, "content": "\ubcf8\uc778\uc740 \ucc3d\uc758\uc801\uc785\ub2c8\uae4c, \uc544\ub2c8\uba74 \ud604\uc2e4\uc801\uc785\ub2c8\uae4c?"}}, {"model": "contenttypes.contenttype", "pk": 1, "fields": {"app_label": "epia", "model": "answer"}}, {"model": "contenttypes.contenttype", "pk": 2, "fields": {"app_label": "epia", "model": "company"}}, {"model": "contenttypes.contenttype", "pk": 3, "fields": {"app_label": "epia", "model": "face"}}, {"model": "contenttypes.contenttype", "pk": 4, "fields": {"app_label": "epia", "model": "position"}}, {"model": "contenttypes.contenttype", "pk": 5, "fields": {"app_label": "epia", "model": "question"}}, {"model": "contenttypes.contenttype", "pk": 6, "fields": {"app_label": "epia", "model": "keyword"}}, {"model": "contenttypes.contenttype", "pk": 7, "fields": {"app_label": "epia", "model": "favorite"}}, {"model": "contenttypes.contenttype", "pk": 8, "fields": {"app_label": "epia", "model": "ceo"}}, {"model": "contenttypes.contenttype", "pk": 9, "fields": {"app_label": "admin", "model": "logentry"}}, {"model": "contenttypes.contenttype", "pk": 10, "fields": {"app_label": "auth", "model": "permission"}}, {"model": "contenttypes.contenttype", "pk": 11, "fields": {"app_label": "auth", "model": "group"}}, {"model": "contenttypes.contenttype", "pk": 12, "fields": {"app_label": "auth", "model": "user"}}, {"model": "contenttypes.contenttype", "pk": 13, "fields": {"app_label": "contenttypes", "model": "contenttype"}}, {"model": "contenttypes.contenttype", "pk": 14, "fields": {"app_label": "sessions", "model": "session"}}, {"model": "sessions.session", "pk": "cewzxnbhi5zkzrdhjyrula1yhy1ptgvv", "fields": {"session_data": "Y2U0ZjU1OTZmYTg2NDk2MjZiODcxZTRjMTkxMTU5NDk2NDlhMDQ5Yzp7Il9hdXRoX3VzZXJfaWQiOiIxIiwiX2F1dGhfdXNlcl9iYWNrZW5kIjoiZGphbmdvLmNvbnRyaWIuYXV0aC5iYWNrZW5kcy5Nb2RlbEJhY2tlbmQiLCJfYXV0aF91c2VyX2hhc2giOiI2ZTdlYzRiMjhkODY3YTZmOTRhMTdiZjc0ODYxZjk3ZGE2YTNlMDI2In0=", "expire_date": "2020-07-07T08:53:32.649Z"}}, {"model": "auth.permission", "pk": 1, "fields": {"name": "Can add answer", "content_type": 1, "codename": "add_answer"}}, {"model": "auth.permission", "pk": 2, "fields": {"name": "Can change answer", "content_type": 1, "codename": "change_answer"}}, {"model": "auth.permission", "pk": 3, "fields": {"name": "Can delete answer", "content_type": 1, "codename": "delete_answer"}}, {"model": "auth.permission", "pk": 4, "fields": {"name": "Can view answer", "content_type": 1, "codename": "view_answer"}}, {"model": "auth.permission", "pk": 5, "fields": {"name": "Can add company", "content_type": 2, "codename": "add_company"}}, {"model": "auth.permission", "pk": 6, "fields": {"name": "Can change company", "content_type": 2, "codename": "change_company"}}, {"model": "auth.permission", "pk": 7, "fields": {"name": "Can delete company", "content_type": 2, "codename": "delete_company"}}, {"model": "auth.permission", "pk": 8, "fields": {"name": "Can view company", "content_type": 2, "codename": "view_company"}}, {"model": "auth.permission", "pk": 9, "fields": {"name": "Can add face", "content_type": 3, "codename": "add_face"}}, {"model": "auth.permission", "pk": 10, "fields": {"name": "Can change face", "content_type": 3, "codename": "change_face"}}, {"model": "auth.permission", "pk": 11, "fields": {"name": "Can delete face", "content_type": 3, "codename": "delete_face"}}, {"model": "auth.permission", "pk": 12, "fields": {"name": "Can view face", "content_type": 3, "codename": "view_face"}}, {"model": "auth.permission", "pk": 13, "fields": {"name": "Can add position", "content_type": 4, "codename": "add_position"}}, {"model": "auth.permission", "pk": 14, "fields": {"name": "Can change position", "content_type": 4, "codename": "change_position"}}, {"model": "auth.permission", "pk": 15, "fields": {"name": "Can delete position", "content_type": 4, "codename": "delete_position"}}, {"model": "auth.permission", "pk": 16, "fields": {"name": "Can view position", "content_type": 4, "codename": "view_position"}}, {"model": "auth.permission", "pk": 17, "fields": {"name": "Can add question", "content_type": 5, "codename": "add_question"}}, {"model": "auth.permission", "pk": 18, "fields": {"name": "Can change question", "content_type": 5, "codename": "change_question"}}, {"model": "auth.permission", "pk": 19, "fields": {"name": "Can delete question", "content_type": 5, "codename": "delete_question"}}, {"model": "auth.permission", "pk": 20, "fields": {"name": "Can view question", "content_type": 5, "codename": "view_question"}}, {"model": "auth.permission", "pk": 21, "fields": {"name": "Can add keyword", "content_type": 6, "codename": "add_keyword"}}, {"model": "auth.permission", "pk": 22, "fields": {"name": "Can change keyword", "content_type": 6, "codename": "change_keyword"}}, {"model": "auth.permission", "pk": 23, "fields": {"name": "Can delete keyword", "content_type": 6, "codename": "delete_keyword"}}, {"model": "auth.permission", "pk": 24, "fields": {"name": "Can view keyword", "content_type": 6, "codename": "view_keyword"}}, {"model": "auth.permission", "pk": 25, "fields": {"name": "Can add favorite", "content_type": 7, "codename": "add_favorite"}}, {"model": "auth.permission", "pk": 26, "fields": {"name": "Can change favorite", "content_type": 7, "codename": "change_favorite"}}, {"model": "auth.permission", "pk": 27, "fields": {"name": "Can delete favorite", "content_type": 7, "codename": "delete_favorite"}}, {"model": "auth.permission", "pk": 28, "fields": {"name": "Can view favorite", "content_type": 7, "codename": "view_favorite"}}, {"model": "auth.permission", "pk": 29, "fields": {"name": "Can add ceo", "content_type": 8, "codename": "add_ceo"}}, {"model": "auth.permission", "pk": 30, "fields": {"name": "Can change ceo", "content_type": 8, "codename": "change_ceo"}}, {"model": "auth.permission", "pk": 31, "fields": {"name": "Can delete ceo", "content_type": 8, "codename": "delete_ceo"}}, {"model": "auth.permission", "pk": 32, "fields": {"name": "Can view ceo", "content_type": 8, "codename": "view_ceo"}}, {"model": "auth.permission", "pk": 33, "fields": {"name": "Can add log entry", "content_type": 9, "codename": "add_logentry"}}, {"model": "auth.permission", "pk": 34, "fields": {"name": "Can change log entry", "content_type": 9, "codename": "change_logentry"}}, {"model": "auth.permission", "pk": 35, "fields": {"name": "Can delete log entry", "content_type": 9, "codename": "delete_logentry"}}, {"model": "auth.permission", "pk": 36, "fields": {"name": "Can view log entry", "content_type": 9, "codename": "view_logentry"}}, {"model": "auth.permission", "pk": 37, "fields": {"name": "Can add permission", "content_type": 10, "codename": "add_permission"}}, {"model": "auth.permission", "pk": 38, "fields": {"name": "Can change permission", "content_type": 10, "codename": "change_permission"}}, {"model": "auth.permission", "pk": 39, "fields": {"name": "Can delete permission", "content_type": 10, "codename": "delete_permission"}}, {"model": "auth.permission", "pk": 40, "fields": {"name": "Can view permission", "content_type": 10, "codename": "view_permission"}}, {"model": "auth.permission", "pk": 41, "fields": {"name": "Can add group", "content_type": 11, "codename": "add_group"}}, {"model": "auth.permission", "pk": 42, "fields": {"name": "Can change group", "content_type": 11, "codename": "change_group"}}, {"model": "auth.permission", "pk": 43, "fields": {"name": "Can delete group", "content_type": 11, "codename": "delete_group"}}, {"model": "auth.permission", "pk": 44, "fields": {"name": "Can view group", "content_type": 11, "codename": "view_group"}}, {"model": "auth.permission", "pk": 45, "fields": {"name": "Can add user", "content_type": 12, "codename": "add_user"}}, {"model": "auth.permission", "pk": 46, "fields": {"name": "Can change user", "content_type": 12, "codename": "change_user"}}, {"model": "auth.permission", "pk": 47, "fields": {"name": "Can delete user", "content_type": 12, "codename": "delete_user"}}, {"model": "auth.permission", "pk": 48, "fields": {"name": "Can view user", "content_type": 12, "codename": "view_user"}}, {"model": "auth.permission", "pk": 49, "fields": {"name": "Can add content type", "content_type": 13, "codename": "add_contenttype"}}, {"model": "auth.permission", "pk": 50, "fields": {"name": "Can change content type", "content_type": 13, "codename": "change_contenttype"}}, {"model": "auth.permission", "pk": 51, "fields": {"name": "Can delete content type", "content_type": 13, "codename": "delete_contenttype"}}, {"model": "auth.permission", "pk": 52, "fields": {"name": "Can view content type", "content_type": 13, "codename": "view_contenttype"}}, {"model": "auth.permission", "pk": 53, "fields": {"name": "Can add session", "content_type": 14, "codename": "add_session"}}, {"model": "auth.permission", "pk": 54, "fields": {"name": "Can change session", "content_type": 14, "codename": "change_session"}}, {"model": "auth.permission", "pk": 55, "fields": {"name": "Can delete session", "content_type": 14, "codename": "delete_session"}}, {"model": "auth.permission", "pk": 56, "fields": {"name": "Can view session", "content_type": 14, "codename": "view_session"}}, {"model": "auth.user", "pk": 1, "fields": {"password": "pbkdf2_sha256$180000$wbBpRsQAI1rN$aDilH/doYxDjYn7zTWDHf4C3ge6454IEA2rJrV/7X4k=", "last_login": "2020-06-23T08:53:32.586Z", "is_superuser": true, "username": "admin", "first_name": "", "last_name": "", "email": "", "is_staff": true, "is_active": true, "date_joined": "2020-06-23T08:53:18.198Z", "groups": [], "user_permissions": []}}, {"model": "admin.logentry", "pk": 1, "fields": {"action_time": "2020-06-23T08:54:35.540Z", "user": 1, "content_type": 2, "object_id": "1", "object_repr": "1 : \uacf5\ud1b5", "action_flag": 1, "change_message": "[{\"added\": {}}]"}}, {"model": "admin.logentry", "pk": 2, "fields": {"action_time": "2020-06-23T08:54:50.370Z", "user": 1, "content_type": 2, "object_id": "2", "object_repr": "2 : SKT", "action_flag": 1, "change_message": "[{\"added\": {}}]"}}, {"model": "admin.logentry", "pk": 3, "fields": {"action_time": "2020-06-23T08:54:58.765Z", "user": 1, "content_type": 2, "object_id": "3", "object_repr": "3 : SK", "action_flag": 1, "change_message": "[{\"added\": {}}]"}}, {"model": "admin.logentry", "pk": 4, "fields": {"action_time": "2020-06-23T08:55:03.057Z", "user": 1, "content_type": 2, "object_id": "4", "object_repr": "4 : \ub9c8\uc774\ub2e4\uc2a4", "action_flag": 1, "change_message": "[{\"added\": {}}]"}}, {"model": "admin.logentry", "pk": 5, "fields": {"action_time": "2020-06-23T08:55:05.889Z", "user": 1, "content_type": 2, "object_id": "5", "object_repr": "5 : \uce74\uce74\uc624", "action_flag": 1, "change_message": "[{\"added\": {}}]"}}, {"model": "admin.logentry", "pk": 6, "fields": {"action_time": "2020-06-23T08:55:16.905Z", "user": 1, "content_type": 2, "object_id": "6", "object_repr": "6 : \ub77c\uc778\ud50c\ub7ec\uc2a4", "action_flag": 1, "change_message": "[{\"added\": {}}]"}}, {"model": "admin.logentry", "pk": 7, "fields": {"action_time": "2020-06-23T08:55:23.416Z", "user": 1, "content_type": 2, "object_id": "7", "object_repr": "7 : LG", "action_flag": 1, "change_message": "[{\"added\": {}}]"}}, {"model": "admin.logentry", "pk": 8, "fields": {"action_time": "2020-06-23T08:55:27.419Z", "user": 1, "content_type": 2, "object_id": "8", "object_repr": "8 : \uc0bc\uc131\uc804\uc790", "action_flag": 1, "change_message": "[{\"added\": {}}]"}}, {"model": "admin.logentry", "pk": 9, "fields": {"action_time": "2020-06-23T08:55:32.357Z", "user": 1, "content_type": 2, "object_id": "9", "object_repr": "9 : \uc0bc\uc131SDS", "action_flag": 1, "change_message": "[{\"added\": {}}]"}}, {"model": "admin.logentry", "pk": 10, "fields": {"action_time": "2020-06-23T08:55:55.296Z", "user": 1, "content_type": 4, "object_id": "1", "object_repr": "1 => 1 : \uacf5\ud1b5", "action_flag": 1, "change_message": "[{\"added\": {}}]"}}, {"model": "admin.logentry", "pk": 11, "fields": {"action_time": "2020-06-23T08:56:20.387Z", "user": 1, "content_type": 4, "object_id": "2", "object_repr": "2 => 2 : ICT\uc720/\ubb34\uc120\uc778\ud504\ub77c", "action_flag": 1, "change_message": "[{\"added\": {}}]"}}, {"model": "admin.logentry", "pk": 12, "fields": {"action_time": "2020-06-23T08:56:37.961Z", "user": 1, "content_type": 4, "object_id": "3", "object_repr": "2 => 3 : ICT Service Planing", "action_flag": 1, "change_message": "[{\"added\": {}}]"}}, {"model": "admin.logentry", "pk": 13, "fields": {"action_time": "2020-06-23T08:56:51.543Z", "user": 1, "content_type": 4, "object_id": "4", "object_repr": "2 => 4 : Developer", "action_flag": 1, "change_message": "[{\"added\": {}}]"}}, {"model": "admin.logentry", "pk": 14, "fields": {"action_time": "2020-06-23T08:57:25.055Z", "user": 1, "content_type": 2, "object_id": "3", "object_repr": "3 : SK\ud558\uc774\ub2c9\uc2a4", "action_flag": 2, "change_message": "[{\"changed\": {\"fields\": [\"Name\"]}}]"}}, {"model": "admin.logentry", "pk": 15, "fields": {"action_time": "2020-06-23T08:57:46.200Z", "user": 1, "content_type": 4, "object_id": "5", "object_repr": "3 => 5 : \uc18c\uc790/\uc124\uacc4/\uc591\uc0b0/\uae30\uc220", "action_flag": 1, "change_message": "[{\"added\": {}}]"}}, {"model": "admin.logentry", "pk": 16, "fields": {"action_time": "2020-06-23T08:58:52.263Z", "user": 1, "content_type": 4, "object_id": "6", "object_repr": "3 => 6 : \uc81c\ud488\u00b7\uc11c\ube44\uc2a4\uc601\uc5c5", "action_flag": 1, "change_message": "[{\"added\": {}}]"}}, {"model": "admin.logentry", "pk": 17, "fields": {"action_time": "2020-06-23T08:59:30.837Z", "user": 1, "content_type": 4, "object_id": "7", "object_repr": "3 => 7 : \uc7ac\ubb34\u00b7\ub9c8\ucf00\ud305\u00b7\uae30\ud68d", "action_flag": 1, "change_message": "[{\"added\": {}}]"}}, {"model": "admin.logentry", "pk": 18, "fields": {"action_time": "2020-06-23T08:59:38.062Z", "user": 1, "content_type": 4, "object_id": "8", "object_repr": "3 => 8 : IT", "action_flag": 1, "change_message": "[{\"added\": {}}]"}}, {"model": "admin.logentry", "pk": 19, "fields": {"action_time": "2020-06-23T09:00:01.648Z", "user": 1, "content_type": 2, "object_id": "4", "object_repr": "4 : \ub9c8\uc774\ub2e4\uc2a4IT", "action_flag": 2, "change_message": "[{\"changed\": {\"fields\": [\"Name\"]}}]"}}, {"model": "admin.logentry", "pk": 20, "fields": {"action_time": "2020-06-23T09:00:19.393Z", "user": 1, "content_type": 4, "object_id": "9", "object_repr": "4 => 9 : IT", "action_flag": 1, "change_message": "[{\"added\": {}}]"}}, {"model": "admin.logentry", "pk": 21, "fields": {"action_time": "2020-06-23T09:00:36.185Z", "user": 1, "content_type": 4, "object_id": "9", "object_repr": "4 => 9 : IT/\uc778\ud130\ub137", "action_flag": 2, "change_message": "[{\"changed\": {\"fields\": [\"Name\"]}}]"}}, {"model": "admin.logentry", "pk": 22, "fields": {"action_time": "2020-06-23T09:01:02.642Z", "user": 1, "content_type": 4, "object_id": "10", "object_repr": "5 => 10 : \ube45\ub370\uc774\ud130\u00b7AI(\uc778\uacf5\uc9c0\ub2a5)", "action_flag": 1, "change_message": "[{\"added\": {}}]"}}, {"model": "admin.logentry", "pk": 23, "fields": {"action_time": "2020-06-23T09:01:14.493Z", "user": 1, "content_type": 4, "object_id": "11", "object_repr": "5 => 11 : \uace0\uac1d\uc0c1\ub2f4\u00b7\uc778\ubc14\uc6b4\ub4dc", "action_flag": 1, "change_message": "[{\"added\": {}}]"}}, {"model": "admin.logentry", "pk": 24, "fields": {"action_time": "2020-06-23T09:01:21.866Z", "user": 1, "content_type": 4, "object_id": "12", "object_repr": "5 => 12 : \uae30\ud68d\u00b7\uc804\ub7b5\u00b7\uacbd\uc601", "action_flag": 1, "change_message": "[{\"added\": {}}]"}}, {"model": "admin.logentry", "pk": 25, "fields": {"action_time": "2020-06-23T09:01:32.632Z", "user": 1, "content_type": 4, "object_id": "13", "object_repr": "5 => 13 : \uc778\uc0ac\u00b7\ub178\ubb34\u00b7\uad50\uc721", "action_flag": 1, "change_message": "[{\"added\": {}}]"}}, {"model": "admin.logentry", "pk": 26, "fields": {"action_time": "2020-06-23T09:01:41.357Z", "user": 1, "content_type": 4, "object_id": "14", "object_repr": "5 => 14 : \ub9ac\uc11c\uce58\u00b7\ud1b5\uacc4\u00b7\uc124\ubb38", "action_flag": 1, "change_message": "[{\"added\": {}}]"}}, {"model": "admin.logentry", "pk": 27, "fields": {"action_time": "2020-06-23T09:01:51.907Z", "user": 1, "content_type": 4, "object_id": "15", "object_repr": "5 => 15 : IT/\uc778\ud130\ub137", "action_flag": 1, "change_message": "[{\"added\": {}}]"}}, {"model": "admin.logentry", "pk": 28, "fields": {"action_time": "2020-06-23T09:02:00.273Z", "user": 1, "content_type": 4, "object_id": "16", "object_repr": "5 => 16 : \ub514\uc790\uc778", "action_flag": 1, "change_message": "[{\"added\": {}}]"}}, {"model": "admin.logentry", "pk": 29, "fields": {"action_time": "2020-06-23T09:02:45.546Z", "user": 1, "content_type": 4, "object_id": "17", "object_repr": "6 => 17 : \uae30\ud68d\u00b7\uc804\ub7b5\u00b7\uacbd\uc601", "action_flag": 1, "change_message": "[{\"added\": {}}]"}}, {"model": "admin.logentry", "pk": 30, "fields": {"action_time": "2020-06-23T09:02:55.120Z", "user": 1, "content_type": 4, "object_id": "18", "object_repr": "6 => 18 : \uc778\uc0ac\u00b7\ub178\ubb34\u00b7\uad50\uc721", "action_flag": 1, "change_message": "[{\"added\": {}}]"}}, {"model": "admin.logentry", "pk": 31, "fields": {"action_time": "2020-06-23T09:03:04.572Z", "user": 1, "content_type": 4, "object_id": "19", "object_repr": "6 => 19 : \uae30\ud68d", "action_flag": 1, "change_message": "[{\"added\": {}}]"}}, {"model": "admin.logentry", "pk": 32, "fields": {"action_time": "2020-06-23T09:03:12.909Z", "user": 1, "content_type": 4, "object_id": "20", "object_repr": "6 => 20 : \uac1c\ubc1c", "action_flag": 1, "change_message": "[{\"added\": {}}]"}}, {"model": "admin.logentry", "pk": 33, "fields": {"action_time": "2020-06-23T09:03:25.533Z", "user": 1, "content_type": 4, "object_id": "21", "object_repr": "7 => 21 : R&D(\uc5f0\uad6c\uac1c\ubc1c)", "action_flag": 1, "change_message": "[{\"added\": {}}]"}}, {"model": "admin.logentry", "pk": 34, "fields": {"action_time": "2020-06-23T09:03:35.885Z", "user": 1, "content_type": 4, "object_id": "22", "object_repr": "7 => 22 : \ud574\uc678\uc601\uc5c5", "action_flag": 1, "change_message": "[{\"added\": {}}]"}}, {"model": "admin.logentry", "pk": 35, "fields": {"action_time": "2020-06-23T09:03:58.693Z", "user": 1, "content_type": 4, "object_id": "23", "object_repr": "7 => 23 : \uae30\uacc4\u00b7\uae30\uad6c\uc124\uacc4", "action_flag": 1, "change_message": "[{\"added\": {}}]"}}, {"model": "admin.logentry", "pk": 36, "fields": {"action_time": "2020-06-23T09:04:13.733Z", "user": 1, "content_type": 4, "object_id": "24", "object_repr": "7 => 24 : \uc0dd\uc0b0/\uc81c\uc870", "action_flag": 1, "change_message": "[{\"added\": {}}]"}}, {"model": "admin.logentry", "pk": 37, "fields": {"action_time": "2020-06-23T09:04:22.233Z", "user": 1, "content_type": 4, "object_id": "25", "object_repr": "7 => 25 : IT/\uc778\ud130\ub137", "action_flag": 1, "change_message": "[{\"added\": {}}]"}}, {"model": "admin.logentry", "pk": 38, "fields": {"action_time": "2020-06-23T09:04:28.851Z", "user": 1, "content_type": 4, "object_id": "26", "object_repr": "7 => 26 : \uc601\uc5c5/\uace0\uac1d\uc0c1\ub2f4", "action_flag": 1, "change_message": "[{\"added\": {}}]"}}, {"model": "admin.logentry", "pk": 39, "fields": {"action_time": "2020-06-23T09:04:37.966Z", "user": 1, "content_type": 4, "object_id": "27", "object_repr": "7 => 27 : \ub514\uc790\uc778", "action_flag": 1, "change_message": "[{\"added\": {}}]"}}, {"model": "admin.logentry", "pk": 40, "fields": {"action_time": "2020-06-23T09:04:48.604Z", "user": 1, "content_type": 4, "object_id": "28", "object_repr": "7 => 28 : \uae30\ud68d\u00b7\uc804\ub7b5\u00b7\uacbd\uc601", "action_flag": 1, "change_message": "[{\"added\": {}}]"}}, {"model": "admin.logentry", "pk": 41, "fields": {"action_time": "2020-06-23T09:04:55.601Z", "user": 1, "content_type": 4, "object_id": "29", "object_repr": "7 => 29 : \uc804\uae30\u00b7\uc804\uc790\u00b7\uc81c\uc5b4", "action_flag": 1, "change_message": "[{\"added\": {}}]"}}, {"model": "admin.logentry", "pk": 42, "fields": {"action_time": "2020-06-23T09:05:02.134Z", "user": 1, "content_type": 4, "object_id": "30", "object_repr": "7 => 30 : \uc790\ub3d9\ucc28\u00b7\uc870\uc120\u00b7\uae30\uacc4", "action_flag": 1, "change_message": "[{\"added\": {}}]"}}, {"model": "admin.logentry", "pk": 43, "fields": {"action_time": "2020-06-23T09:05:08.573Z", "user": 1, "content_type": 4, "object_id": "31", "object_repr": "7 => 31 : \ubc18\ub3c4\uccb4\u00b7\ub514\uc2a4\ud50c\ub808\uc774", "action_flag": 1, "change_message": "[{\"added\": {}}]"}}, {"model": "admin.logentry", "pk": 44, "fields": {"action_time": "2020-06-23T09:05:17.403Z", "user": 1, "content_type": 4, "object_id": "32", "object_repr": "7 => 32 : \uc7ac\ubb34\u00b7\uc138\ubb34\u00b7IR", "action_flag": 1, "change_message": "[{\"added\": {}}]"}}, {"model": "admin.logentry", "pk": 45, "fields": {"action_time": "2020-06-23T09:05:23.457Z", "user": 1, "content_type": 4, "object_id": "33", "object_repr": "7 => 33 : \uc81c\ud488\u00b7\uc11c\ube44\uc2a4\uc601\uc5c5", "action_flag": 1, "change_message": "[{\"added\": {}}]"}}, {"model": "admin.logentry", "pk": 46, "fields": {"action_time": "2020-06-23T09:05:29.706Z", "user": 1, "content_type": 4, "object_id": "34", "object_repr": "7 => 34 : \uc751\uc6a9\ud504\ub85c\uadf8\ub798\uba38", "action_flag": 1, "change_message": "[{\"added\": {}}]"}}, {"model": "admin.logentry", "pk": 47, "fields": {"action_time": "2020-06-23T09:05:40.968Z", "user": 1, "content_type": 4, "object_id": "35", "object_repr": "8 => 35 : \ubc18\ub3c4\uccb4\u00b7\ub514\uc2a4\ud50c\ub808\uc774", "action_flag": 1, "change_message": "[{\"added\": {}}]"}}, {"model": "admin.logentry", "pk": 48, "fields": {"action_time": "2020-06-23T09:05:49.431Z", "user": 1, "content_type": 4, "object_id": "36", "object_repr": "8 => 36 : \uc0dd\uc0b0\uad00\ub9ac\u00b7\uacf5\uc815\uad00\ub9ac\u00b7\ud488\uc9c8\uad00\ub9ac", "action_flag": 1, "change_message": "[{\"added\": {}}]"}}, {"model": "admin.logentry", "pk": 49, "fields": {"action_time": "2020-06-23T09:05:57.796Z", "user": 1, "content_type": 4, "object_id": "37", "object_repr": "8 => 37 : \uae30\uacc4\uc124\uacc4\u00b7CAD\u00b7CAM", "action_flag": 1, "change_message": "[{\"added\": {}}]"}}, {"model": "admin.logentry", "pk": 50, "fields": {"action_time": "2020-06-23T09:06:04.306Z", "user": 1, "content_type": 4, "object_id": "38", "object_repr": "8 => 38 : \ub9c8\ucf00\ud305\u00b7\uad11\uace0\u00b7\ubd84\uc11d", "action_flag": 1, "change_message": "[{\"added\": {}}]"}}, {"model": "admin.logentry", "pk": 51, "fields": {"action_time": "2020-06-23T09:06:11.347Z", "user": 1, "content_type": 4, "object_id": "39", "object_repr": "8 => 39 : \uc0dd\uc0b0\u00b7\uc81c\uc870\u00b7\uc124\ube44\u00b7\uc870\ub9bd", "action_flag": 1, "change_message": "[{\"added\": {}}]"}}, {"model": "admin.logentry", "pk": 52, "fields": {"action_time": "2020-06-23T09:06:18.328Z", "user": 1, "content_type": 4, "object_id": "40", "object_repr": "8 => 40 : \uc804\uae30\u00b7\uc804\uc790\u00b7\uc81c\uc5b4", "action_flag": 1, "change_message": "[{\"added\": {}}]"}}, {"model": "admin.logentry", "pk": 53, "fields": {"action_time": "2020-06-23T09:06:24.555Z", "user": 1, "content_type": 4, "object_id": "41", "object_repr": "8 => 41 : \uc81c\ud488\u00b7\uc11c\ube44\uc2a4\uc601\uc5c5", "action_flag": 1, "change_message": "[{\"added\": {}}]"}}, {"model": "admin.logentry", "pk": 54, "fields": {"action_time": "2020-06-23T09:06:30.395Z", "user": 1, "content_type": 4, "object_id": "42", "object_repr": "8 => 42 : \uc18c\ud504\ud2b8\uc6e8\uc5b4", "action_flag": 1, "change_message": "[{\"added\": {}}]"}}, {"model": "admin.logentry", "pk": 55, "fields": {"action_time": "2020-06-23T09:06:40.395Z", "user": 1, "content_type": 4, "object_id": "43", "object_repr": "9 => 43 : IT/\uc778\ud130\ub137", "action_flag": 1, "change_message": "[{\"added\": {}}]"}}, {"model": "admin.logentry", "pk": 56, "fields": {"action_time": "2020-06-23T09:06:47.977Z", "user": 1, "content_type": 4, "object_id": "44", "object_repr": "9 => 44 : \uc6f9\ud504\ub85c\uadf8\ub798\uba38", "action_flag": 1, "change_message": "[{\"added\": {}}]"}}, {"model": "admin.logentry", "pk": 57, "fields": {"action_time": "2020-06-23T09:06:54.753Z", "user": 1, "content_type": 4, "object_id": "45", "object_repr": "9 => 45 : \uc11c\ube44\uc2a4", "action_flag": 1, "change_message": "[{\"added\": {}}]"}}, {"model": "admin.logentry", "pk": 58, "fields": {"action_time": "2020-06-23T09:07:00.904Z", "user": 1, "content_type": 4, "object_id": "46", "object_repr": "9 => 46 : \ucee8\uc124\ud305", "action_flag": 1, "change_message": "[{\"added\": {}}]"}}]